date,BTC,ETC,ETH,XRP,XLM,TRX
2020-06-07,9663.64,6.8565,241.64,0.204,0.07986,0.01709
2020-06-06,9666.3,6.862,241.94,0.20361,0.0797,0.01704
2020-06-05,9621.16,6.8436,240.03,0.20274,0.07888,0.01685
2020-06-04,9789.06,6.9152,243.21,0.20427,0.08204,0.01687
2020-06-03,9666.24,6.9413,244.52,0.2041,0.08278,0.01691
2020-06-02,9518.04,6.9781,237.71,0.20301,0.07951,0.01637
2020-06-01,10200.77,7.2045,248.23,0.211,0.07573,0.01707
2020-05-31,9448.27,6.9388,231.57,0.20245,0.0705,0.01582
2020-05-30,9697.72,7.4928,243.66,0.20701,0.07252,0.01638
2020-05-29,9427.07,7.2254,220.67,0.19759,0.06777,0.015
2020-05-28,9575.89,6.8609,220.21,0.20052,0.0691,0.01514
2020-05-27,9204.07,6.7757,208.29,0.19791,0.06597,0.0147
2020-05-26,8841.18,6.708,200.89,0.19372,0.06506,0.01458
2020-05-25,8900.35,6.8067,204.15,0.19622,0.06624,0.01472
2020-05-24,8720.34,6.5819,199.9,0.19256,0.0639,0.01421
2020-05-23,9179.15,6.5575,206.6,0.19883,0.06713,0.01496
2020-05-22,9170.0,6.4632,207.36,0.20034,0.06811,0.01484
2020-05-21,9068.65,6.1255,198.74,0.19434,0.06644,0.01421
2020-05-20,9511.43,6.4513,209.98,0.20179,0.07093,0.015
2020-05-19,9775.53,6.6712,214.58,0.20496,0.06979,0.01553
2020-05-18,9733.93,6.712,214.91,0.20543,0.07027,0.01537
2020-05-17,9680.04,6.6575,207.0,0.20131,0.06873,0.015
2020-05-16,9381.27,6.6938,200.45,0.19969,0.06806,0.01497
2020-05-15,9316.42,6.5011,194.86,0.19818,0.06728,0.01488
2020-05-14,9791.98,6.2779,203.29,0.20386,0.06926,0.01527
2020-05-13,9309.37,6.2145,199.58,0.20177,0.06977,0.01501
2020-05-12,8810.79,6.0888,189.76,0.19711,0.07017,0.01455
2020-05-11,8561.52,6.0165,185.73,0.19254,0.06234,0.01398
2020-05-10,8722.77,6.1909,187.54,0.19702,0.06405,0.01426
2020-05-09,9539.4,7.0544,210.07,0.21642,0.07141,0.01609
2020-05-08,9800.01,7.1445,211.31,0.21865,0.07252,0.01627
2020-05-07,9986.4,7.09,212.0,0.21862,0.07207,0.01603
2020-05-06,9142.92,6.8379,198.97,0.21158,0.06962,0.01554
2020-05-05,9021.83,7.1905,205.29,0.21688,0.07208,0.0159
2020-05-04,8871.96,7.214,206.48,0.21776,0.07332,0.01623
2020-05-03,8894.16,7.2077,209.86,0.21936,0.073,0.01599
2020-05-02,8972.05,7.4719,213.9,0.22369,0.07552,0.01635
2020-05-01,8826.96,6.647,212.02,0.21786,0.0729,0.01581
2020-04-30,8620.0,6.4418,206.08,0.21135,0.06756,0.01519
2020-04-29,8778.57,6.7433,215.36,0.22648,0.07216,0.01624
2020-04-28,7738.98,6.1423,196.24,0.21416,0.06855,0.01528
2020-04-27,7774.62,6.103,196.34,0.19747,0.06719,0.01452
2020-04-26,7693.1,6.2159,197.38,0.19618,0.06188,0.01426
2020-04-25,7538.67,5.75,194.21,0.19418,0.06177,0.01396
2020-04-24,7505.0,5.5931,187.59,0.19325,0.06116,0.01392
2020-04-23,7482.39,5.6028,185.51,0.1926,0.06208,0.01361
2020-04-22,7125.14,5.3867,182.7,0.18804,0.05498,0.01298
2020-04-21,6841.37,5.1993,170.74,0.18341,0.05085,0.01249
2020-04-20,6826.83,5.2249,170.2,0.18151,0.04947,0.0124
2020-04-19,7120.74,5.4796,180.03,0.18901,0.0488,0.0129
2020-04-18,7248.6,5.6573,187.4,0.19544,0.05056,0.01339
2020-04-17,7027.55,5.3707,170.69,0.18863,0.04856,0.01289
2020-04-16,7101.94,5.4755,172.29,0.19053,0.04913,0.01302
2020-04-15,6621.24,5.1002,152.73,0.1805,0.04607,0.01219
2020-04-14,6868.7,5.2449,158.45,0.18613,0.04805,0.01245
2020-04-13,6837.91,5.1805,156.29,0.18763,0.04816,0.01257
2020-04-12,6903.79,5.3145,158.59,0.18939,0.04895,0.01266
2020-04-11,6876.83,5.2804,158.33,0.1885,0.04975,0.0125
2020-04-10,6858.92,5.2478,157.81,0.18758,0.0477,0.01248
2020-04-09,7283.54,5.8893,169.52,0.19829,0.05198,0.01345
2020-04-08,7361.28,5.8256,173.11,0.20192,0.05125,0.01376
2020-04-07,7197.32,5.4749,164.63,0.19285,0.04845,0.0133
2020-04-06,7329.9,5.6197,171.32,0.19803,0.04985,0.01375
2020-04-05,6772.78,5.0296,142.68,0.17925,0.0435,0.01257
2020-04-04,6856.99,5.1474,144.1,0.18114,0.04184,0.01197
2020-04-03,6734.1,5.1164,141.31,0.17957,0.0414,0.01194
2020-04-02,6794.09,5.0957,141.28,0.17828,0.04123,0.01196
2020-04-01,6642.92,5.0254,135.69,0.17494,0.04079,0.01158
2020-03-31,6410.44,4.9341,132.72,0.17353,0.04071,0.01157
2020-03-30,6394.38,4.9529,132.06,0.17112,0.04004,0.01145
2020-03-29,5881.42,4.8126,124.5,0.16278,0.03773,0.01066
2020-03-28,6236.65,4.8133,130.98,0.17543,0.03995,0.01139
2020-03-27,6359.11,4.9209,131.33,0.17269,0.0404,0.01121
2020-03-26,6737.36,5.0968,138.4,0.17593,0.04284,0.01196
2020-03-25,6677.43,5.0181,136.1,0.16168,0.04052,0.01139
2020-03-24,6744.72,5.0657,138.42,0.16225,0.04031,0.01151
2020-03-23,6467.31,4.9669,135.92,0.15854,0.03938,0.01137
2020-03-22,5816.19,4.5935,122.32,0.14776,0.03679,0.0103
2020-03-21,6186.98,5.008,132.66,0.15797,0.03956,0.01123
2020-03-20,6208.36,4.8869,133.48,0.15695,0.03995,0.01127
2020-03-19,6162.37,5.0403,136.3,0.1646,0.04134,0.01163
2020-03-18,5393.04,4.6039,118.11,0.1476,0.0369,0.01022
2020-03-17,5312.64,4.6047,115.67,0.14694,0.03718,0.01002
2020-03-16,5028.97,4.4987,111.02,0.14102,0.03534,0.00961
2020-03-15,5361.3,5.0484,123.78,0.15308,0.03786,0.01026
2020-03-14,5172.06,4.5898,122.54,0.14588,0.03677,0.00973
2020-03-13,5578.6,4.8432,134.06,0.15872,0.03962,0.01029
2020-03-12,4800.0,3.7168,107.82,0.13549,0.03174,0.00841
2020-03-11,7934.52,6.5922,194.61,0.20813,0.05042,0.01489
2020-03-10,7894.56,6.8285,200.7,0.21185,0.05198,0.01508
2020-03-09,7929.87,6.9302,202.81,0.20952,0.05235,0.01504
2020-03-08,8033.31,6.4442,199.43,0.20385,0.04969,0.01465
2020-03-07,8886.66,7.8017,237.23,0.23622,0.05828,0.01699
2020-03-06,9131.88,8.2189,244.88,0.24477,0.06137,0.01833
2020-03-05,9054.68,8.1748,228.38,0.23909,0.05966,0.01789
2020-03-04,8750.87,7.9381,224.26,0.23453,0.05857,0.01774
2020-03-03,8760.07,8.4782,223.91,0.23428,0.05816,0.01723
2020-03-02,8915.24,8.456,231.97,0.23958,0.05968,0.01759
2020-03-01,8531.88,7.7346,217.81,0.22696,0.05582,0.01643
2020-02-29,8523.61,7.354,217.21,0.22892,0.05694,0.01648
2020-02-28,8692.91,7.4529,226.76,0.23663,0.05841,0.0171
2020-02-27,8823.21,7.7166,227.79,0.2385,0.06045,0.01701
2020-02-26,8785.25,7.6823,223.93,0.22915,0.05873,0.01636
2020-02-25,9315.84,9.1742,246.67,0.25209,0.06402,0.01891
2020-02-24,9656.13,9.3481,265.52,0.2704,0.06911,0.01988
2020-02-23,9936.4,9.7439,274.48,0.28298,0.07299,0.02133
2020-02-22,9650.86,9.4958,261.57,0.27468,0.0703,0.02002
2020-02-21,9677.05,9.4157,265.27,0.27418,0.07099,0.02016
2020-02-20,9596.42,8.8702,256.96,0.2709,0.0704,0.0198
2020-02-19,9593.79,8.813,258.45,0.27466,0.07013,0.0202
2020-02-18,10164.71,9.8629,282.61,0.29827,0.07603,0.02262
2020-02-17,9706.0,9.6792,267.85,0.28736,0.07272,0.02179
2020-02-16,9917.27,9.5637,258.85,0.29224,0.07437,0.02223
2020-02-15,9904.72,10.4066,264.88,0.30729,0.07892,0.02364
2020-02-14,10344.36,12.0094,285.15,0.33594,0.08671,0.02639
2020-02-13,10229.63,12.055,268.32,0.32709,0.08325,0.02391
2020-02-12,10326.46,12.2074,265.74,0.30427,0.08004,0.02393
2020-02-11,10223.08,11.96,236.69,0.281,0.07404,0.02272
2020-02-10,9851.83,11.8387,222.89,0.27338,0.07051,0.02216
2020-02-09,10151.75,11.7025,228.49,0.28257,0.07327,0.02206
2020-02-08,9895.05,11.6984,223.05,0.27735,0.0709,0.02179
2020-02-07,9813.73,11.6967,223.33,0.27953,0.07188,0.02204
2020-02-06,9772.0,12.1132,213.19,0.28325,0.07113,0.02271
2020-02-05,9612.04,12.3345,203.78,0.27774,0.06908,0.02076
2020-02-04,9197.02,11.4111,188.91,0.26737,0.06634,0.01925
2020-02-03,9292.24,11.7782,189.69,0.25453,0.0643,0.0192
2020-02-02,9331.51,11.3658,188.44,0.25093,0.06345,0.01909
2020-02-01,9384.61,11.5282,183.6,0.24141,0.06224,0.01907
2020-01-31,9352.89,11.338,179.99,0.23946,0.0606,0.01867
2020-01-30,9513.21,12.2842,184.69,0.24376,0.0628,0.0195
2020-01-29,9301.53,12.2231,173.72,0.23539,0.06083,0.01866
2020-01-28,9374.21,11.3697,175.64,0.23906,0.06072,0.0186
2020-01-27,8907.57,10.4161,170.08,0.23077,0.05971,0.01713
2020-01-26,8615.0,9.19,167.86,0.23131,0.05841,0.01684
2020-01-25,8340.58,8.3966,160.35,0.21946,0.05604,0.01613
2020-01-24,8439.0,8.6118,162.54,0.22222,0.05714,0.01639
2020-01-23,8404.52,8.4421,162.81,0.22586,0.05833,0.01628
2020-01-22,8682.36,9.3457,168.07,0.23733,0.06136,0.01743
2020-01-21,8736.03,8.943,169.49,0.23726,0.06279,0.01732
2020-01-20,8642.35,8.6347,166.87,0.23314,0.06274,0.01661
2020-01-19,8701.7,8.5268,166.79,0.23558,0.06004,0.01665
2020-01-18,8915.96,8.2944,174.14,0.24357,0.06149,0.01766
2020-01-17,8913.28,9.4792,169.85,0.23921,0.06072,0.01758
2020-01-16,8720.01,8.414,164.21,0.229,0.05367,0.01734
2020-01-15,8821.41,7.9911,166.4,0.23367,0.0548,0.01729
2020-01-14,8810.01,6.7895,165.64,0.23464,0.0528,0.01677
2020-01-13,8110.34,5.4677,143.58,0.21134,0.04813,0.01464
2020-01-12,8184.98,5.5765,146.54,0.21539,0.04905,0.01503
2020-01-11,8020.01,5.5704,142.38,0.21121,0.04825,0.0146
2020-01-10,8197.02,5.36,144.84,0.21284,0.04802,0.01469
2020-01-09,7817.76,5.1848,137.74,0.20373,0.04718,0.01398
2020-01-08,8055.98,4.9521,140.72,0.2075,0.04768,0.01402
2020-01-07,8145.28,4.8344,142.8,0.21335,0.04839,0.01434
2020-01-06,7758.0,5.0333,144.15,0.2231,0.05046,0.01472
2020-01-05,7358.75,4.8784,135.37,0.19453,0.04544,0.01353
2020-01-04,7354.11,4.7598,134.2,0.19305,0.04565,0.01344
2020-01-03,7344.96,4.5768,134.35,0.19338,0.04566,0.01344
2020-01-02,6965.71,4.2283,127.19,0.1875,0.04361,0.01284
2020-01-01,7200.85,4.5035,130.77,0.19305,0.04529,0.01322
2019-12-31,7195.23,4.4945,129.16,0.19295,0.04495,0.0133
2019-12-30,7246.0,4.6243,131.59,0.19326,0.04552,0.0133
2019-12-29,7388.24,4.6434,134.36,0.19653,0.04619,0.0137
2019-12-28,7316.14,4.4137,128.11,0.1932,0.04589,0.01348
2019-12-27,7254.74,4.5117,126.29,0.19003,0.04584,0.01323
2019-12-26,7202.0,4.49,125.58,0.18923,0.04468,0.01335
2019-12-25,7204.63,4.0403,125.09,0.18852,0.04436,0.01321
2019-12-24,7255.77,3.9346,127.75,0.19077,0.04501,0.01354
2019-12-23,7317.09,3.9901,127.8,0.18953,0.04488,0.01378
2019-12-22,7501.44,4.1929,132.09,0.19649,0.04723,0.01489
2019-12-21,7132.75,4.086,126.99,0.19143,0.04539,0.01352
2019-12-20,7187.83,4.0541,128.19,0.19521,0.04619,0.01336
2019-12-19,7150.3,3.7268,128.1,0.1878,0.04519,0.01297
2019-12-18,7277.83,3.7645,132.78,0.19573,0.04655,0.01336
2019-12-17,6623.82,3.469,121.88,0.1831,0.04331,0.01245
2019-12-16,6891.72,3.6796,132.73,0.2055,0.04696,0.0134
2019-12-15,7118.59,3.8056,142.46,0.21735,0.05097,0.01395
2019-12-14,7064.05,3.7984,141.79,0.21605,0.0509,0.01383
2019-12-13,7258.48,3.8562,144.8,0.22054,0.0527,0.01407
2019-12-12,7198.08,3.8157,144.87,0.21837,0.05201,0.01377
2019-12-11,7210.0,3.7748,143.39,0.22093,0.0528,0.01416
2019-12-10,7224.13,3.7749,145.56,0.22256,0.05315,0.01412
2019-12-09,7338.64,3.7975,147.38,0.22445,0.05462,0.01438
2019-12-08,7510.11,3.8977,150.44,0.22909,0.0558,0.01461
2019-12-07,7488.21,3.8603,147.14,0.22699,0.05541,0.01448
2019-12-06,7527.47,3.887,148.45,0.22546,0.05538,0.01468
2019-12-05,7389.0,3.7879,148.1,0.22118,0.05539,0.01449
2019-12-04,7194.32,3.7499,145.38,0.2139,0.05467,0.01426
2019-12-03,7292.71,3.8285,147.17,0.21951,0.05572,0.01519
2019-12-02,7294.28,3.8545,148.65,0.21914,0.05565,0.01521
2019-12-01,7390.89,3.9288,150.73,0.22477,0.05723,0.01591
2019-11-30,7541.89,3.9409,151.37,0.2255,0.05726,0.01548
2019-11-29,7739.68,4.0776,154.57,0.22998,0.05898,0.01614
2019-11-28,7419.49,3.9389,150.72,0.22313,0.05787,0.0158
2019-11-27,7508.52,3.945,152.62,0.224,0.05863,0.01607
2019-11-26,7156.14,3.8706,147.47,0.2206,0.05748,0.01528
2019-11-25,7109.57,3.7691,145.69,0.21731,0.05727,0.01418
2019-11-24,6903.28,3.7023,139.96,0.21989,0.05546,0.0137
2019-11-23,7311.57,3.9887,151.84,0.23407,0.06145,0.01503
2019-11-22,7268.23,3.8672,149.56,0.23,0.05916,0.01439
2019-11-21,7627.74,4.1785,161.01,0.24345,0.06072,0.01539
2019-11-20,8098.01,4.3374,174.72,0.25014,0.06402,0.01655
2019-11-19,8133.64,4.3865,175.94,0.25398,0.0656,0.01695
2019-11-18,8187.17,4.3674,178.2,0.25179,0.06697,0.01715
2019-11-17,8502.4,4.6139,183.82,0.26311,0.07157,0.01874
2019-11-16,8491.02,4.6297,182.37,0.26218,0.07126,0.01866
2019-11-15,8471.73,4.5652,180.0,0.26069,0.07214,0.01858
2019-11-14,8646.68,4.7515,184.92,0.26795,0.07414,0.01941
2019-11-13,8777.12,4.849,188.11,0.27202,0.07616,0.02012
2019-11-12,8821.94,4.9067,187.09,0.27222,0.07686,0.01968
2019-11-11,8733.27,4.8916,184.98,0.27423,0.08,0.01909
2019-11-10,9039.47,5.0365,188.96,0.27894,0.07892,0.01934
2019-11-09,8809.41,4.9554,184.89,0.2799,0.07314,0.01894
2019-11-08,8773.73,4.9754,183.74,0.27547,0.07116,0.01876
2019-11-07,9216.2,5.2412,186.68,0.29061,0.07423,0.01951
2019-11-06,9339.05,5.0745,191.16,0.31009,0.07684,0.02013
2019-11-05,9308.66,5.0179,188.68,0.30061,0.08221,0.01975
2019-11-04,9393.35,4.9625,185.71,0.29863,0.07929,0.0198
2019-11-03,9194.71,4.8765,181.54,0.29024,0.06863,0.01964
2019-11-02,9289.52,4.9241,182.91,0.29456,0.07123,0.01988
2019-11-01,9231.61,4.8656,182.85,0.29146,0.069,0.01962
2019-10-31,9140.85,4.8074,182.18,0.29452,0.06512,0.01974
2019-10-30,9154.72,4.7871,183.13,0.29471,0.06388,0.01995
2019-10-29,9407.62,4.9239,190.46,0.30192,0.06662,0.02194
2019-10-28,9205.14,4.7364,181.72,0.29447,0.0645,0.01998
2019-10-27,9529.93,4.7735,183.75,0.29818,0.06514,0.0191
2019-10-26,9230.0,4.5738,179.49,0.29351,0.06264,0.01659
2019-10-25,8655.02,4.7416,181.5,0.29829,0.06429,0.01764
2019-10-24,7412.41,4.2582,160.38,0.27596,0.06015,0.01516
2019-10-23,7466.62,4.2546,162.35,0.27306,0.05984,0.01435
2019-10-22,8020.0,4.4532,171.2,0.29046,0.06321,0.01512
2019-10-21,8197.27,4.5775,173.98,0.29187,0.06387,0.0155
2019-10-20,8223.35,4.5013,175.22,0.29386,0.0632,0.0155
2019-10-19,7948.01,4.4174,171.79,0.29145,0.06247,0.01548
2019-10-18,7947.01,4.4109,172.74,0.29404,0.06299,0.01536
2019-10-17,8070.58,4.4999,177.16,0.30167,0.06505,0.01536
2019-10-16,7991.74,4.4162,174.47,0.28331,0.06171,0.01518
2019-10-15,8159.29,4.5352,180.49,0.28859,0.0639,0.01566
2019-10-14,8348.2,4.7892,186.72,0.29727,0.06613,0.01667
2019-10-13,8275.01,4.7404,180.99,0.27726,0.06136,0.01606
2019-10-12,8300.09,4.7046,179.68,0.27226,0.06083,0.01566
2019-10-11,8258.5,4.6383,180.72,0.26743,0.0597,0.01582
2019-10-10,8558.03,4.8269,191.14,0.27021,0.06146,0.01623
2019-10-09,8560.74,5.0611,192.62,0.28082,0.06308,0.0169
2019-10-08,8168.39,4.6171,180.6,0.2774,0.06181,0.01692
2019-10-07,8190.09,4.6622,179.85,0.27592,0.06207,0.01622
2019-10-06,7854.25,4.4874,170.1,0.25552,0.05839,0.0145
2019-10-05,8126.19,4.6157,176.25,0.25325,0.05895,0.01508
2019-10-04,8137.13,4.578,175.55,0.25243,0.05863,0.01454
2019-10-03,8223.96,4.5989,174.69,0.24674,0.0585,0.01428
2019-10-02,8359.94,4.6781,180.24,0.25247,0.05968,0.01438
2019-10-01,8292.44,4.6106,175.66,0.24788,0.0586,0.01394
2019-09-30,8289.34,4.7096,180.85,0.2566,0.06182,0.01453
2019-09-29,8043.82,4.5424,169.24,0.24024,0.05791,0.01327
2019-09-28,8198.81,4.6691,173.49,0.24163,0.05831,0.01357
2019-09-27,8177.91,4.6623,173.79,0.24208,0.05888,0.01361
2019-09-26,8063.73,4.6891,165.92,0.2422,0.05843,0.01275
2019-09-25,8430.05,4.8148,169.96,0.2457,0.05732,0.01316
2019-09-24,8493.14,4.6197,165.81,0.23282,0.05275,0.01255
2019-09-23,9702.25,5.8206,201.29,0.26786,0.0636,0.01596
2019-09-22,10028.87,5.9926,211.2,0.27653,0.0683,0.01681
2019-09-21,9986.39,6.1217,215.05,0.28961,0.06968,0.01812
2019-09-20,10168.59,6.1695,218.03,0.2936,0.072,0.0174
2019-09-19,10244.29,6.2103,220.24,0.30062,0.08072,0.01756
2019-09-18,10156.99,6.3742,210.21,0.31344,0.08257,0.0179
2019-09-17,10187.82,6.2816,207.84,0.28561,0.06347,0.01668
2019-09-16,10251.31,6.2175,197.22,0.26098,0.05864,0.01565
2019-09-15,10302.01,6.2496,189.03,0.26022,0.05825,0.01552
2019-09-14,10335.02,6.241,188.13,0.26124,0.05868,0.01577
2019-09-13,10342.06,6.1596,180.95,0.2552,0.05777,0.01551
2019-09-12,10415.01,6.1985,180.72,0.25406,0.05829,0.01483
2019-09-11,10158.33,6.3291,178.28,0.25519,0.05859,0.01492
2019-09-10,10098.15,6.5302,179.81,0.25859,0.05963,0.01561
2019-09-09,10303.12,6.5924,180.54,0.25855,0.06021,0.01564
2019-09-08,10381.18,6.648,181.19,0.26205,0.06105,0.01576
2019-09-07,10455.88,6.6361,177.62,0.25993,0.06053,0.01536
2019-09-06,10298.73,6.6563,169.08,0.2511,0.05801,0.01416
2019-09-05,10564.49,7.0396,173.75,0.25617,0.06026,0.01498
2019-09-04,10567.02,6.762,174.72,0.25843,0.06168,0.01553
2019-09-03,10615.28,6.7977,178.75,0.26242,0.06308,0.01588
2019-09-02,10340.0,6.684,178.05,0.2606,0.06301,0.01589
2019-09-01,9724.98,6.2372,170.74,0.25593,0.06212,0.0155
2019-08-31,9587.47,6.2604,171.57,0.25747,0.06194,0.01548
2019-08-30,9584.54,6.3003,168.5,0.25539,0.06191,0.01555
2019-08-29,9498.44,5.9395,169.01,0.25698,0.06162,0.01547
2019-08-28,9721.0,6.4597,173.03,0.25629,0.06398,0.01599
2019-08-27,10185.05,7.204,187.24,0.26954,0.0685,0.01762
2019-08-26,10372.25,7.3415,188.67,0.27051,0.0696,0.01768
2019-08-25,10142.69,7.13,186.54,0.26954,0.0694,0.01744
2019-08-24,10134.35,6.853,190.6,0.27137,0.07035,0.01774
2019-08-23,10389.55,7.1433,194.02,0.27664,0.0692,0.018
2019-08-22,10099.88,7.2149,190.35,0.27039,0.06818,0.01734
2019-08-21,10142.57,6.1547,187.45,0.26589,0.06691,0.0168
2019-08-20,10760.51,6.0315,196.6,0.27432,0.06877,0.01756
2019-08-19,10915.54,5.5436,202.28,0.28202,0.0717,0.01797
2019-08-18,10306.78,5.5729,194.33,0.2832,0.07072,0.01777
2019-08-17,10216.02,5.4552,185.59,0.26546,0.0677,0.01691
2019-08-16,10331.54,5.5317,184.88,0.26047,0.06844,0.01688
2019-08-15,10293.93,5.6492,188.03,0.26378,0.07019,0.01753
2019-08-14,10050.37,5.5958,187.1,0.26353,0.0692,0.01778
2019-08-13,10892.71,5.9204,209.3,0.298,0.07442,0.0205
2019-08-12,11396.08,5.7907,211.41,0.3006,0.07547,0.0207
2019-08-11,11549.97,5.8311,216.42,0.30316,0.0782,0.02071
2019-08-10,11309.31,5.6582,206.48,0.29918,0.07375,0.02047
2019-08-09,11879.99,5.8101,210.53,0.29649,0.07182,0.01982
2019-08-08,11999.77,6.0026,221.39,0.30825,0.07691,0.02196
2019-08-07,11975.03,5.9058,226.1,0.31109,0.07859,0.02163
2019-08-06,11481.69,5.8644,226.28,0.3116,0.07837,0.02173
2019-08-05,11828.8,6.1787,233.54,0.32242,0.08241,0.0229
2019-08-04,10929.23,6.0954,221.79,0.31813,0.08183,0.02229
2019-08-03,10816.86,5.8851,222.14,0.31596,0.08236,0.02183
2019-08-02,10523.75,5.8796,217.61,0.31178,0.08196,0.02172
2019-08-01,10374.99,5.9614,216.84,0.31575,0.08273,0.02211
2019-07-31,10080.53,6.0494,218.42,0.31959,0.08383,0.0224
2019-07-30,9574.21,5.9289,209.58,0.31823,0.08341,0.02207
2019-07-29,9507.64,5.9339,210.89,0.31004,0.08336,0.02201
2019-07-28,9541.54,5.9072,211.62,0.31218,0.084,0.02233
2019-07-27,9476.52,5.9484,207.3,0.30965,0.08432,0.02196
2019-07-26,9824.0,6.2,218.81,0.32303,0.0879,0.02311
2019-07-25,9879.87,6.0069,219.14,0.31335,0.08565,0.02297
2019-07-24,9763.28,6.1022,216.31,0.31548,0.08605,0.02374
2019-07-23,9864.91,6.0293,212.48,0.30891,0.08441,0.02421
2019-07-22,10340.31,6.3705,217.51,0.32111,0.08884,0.02661
2019-07-21,10589.45,6.2549,225.38,0.33075,0.09111,0.02916
2019-07-20,10740.23,6.1579,228.2,0.33279,0.09473,0.02899
2019-07-19,10504.29,5.8456,220.73,0.3188,0.09332,0.02806
2019-07-18,10627.16,6.0243,225.73,0.32035,0.0883,0.02559
2019-07-17,9667.92,5.6974,210.81,0.31032,0.08054,0.02278
2019-07-16,9439.59,5.3295,198.88,0.29543,0.07828,0.02095
2019-07-15,10838.72,5.7593,228.2,0.31287,0.08542,0.02522
2019-07-14,10174.18,5.642,225.85,0.30366,0.08547,0.02516
2019-07-13,11355.76,6.606,268.79,0.33206,0.09608,0.02838
2019-07-12,11757.22,6.7671,274.62,0.34336,0.09784,0.02942
2019-07-11,11342.89,6.6257,268.63,0.32875,0.08697,0.02792
2019-07-10,12108.37,7.2765,289.23,0.36154,0.09484,0.03208
2019-07-09,12543.41,7.8812,307.46,0.39362,0.10117,0.03421
2019-07-08,12238.6,7.9985,311.97,0.40073,0.10395,0.03386
2019-07-07,11406.24,7.956,304.72,0.39651,0.10555,0.03464
2019-07-06,11256.49,7.8398,288.29,0.39031,0.10373,0.03214
2019-07-05,10970.73,7.8456,287.47,0.37881,0.10003,0.03189
2019-07-04,11145.67,7.7515,282.73,0.38723,0.09908,0.03133
2019-07-03,11940.0,7.8494,301.14,0.40456,0.10559,0.03276
2019-07-02,10842.85,7.7045,291.48,0.39794,0.10287,0.03191
2019-07-01,10624.93,7.7914,295.07,0.40691,0.10597,0.03265
2019-06-30,10854.1,7.7728,292.7,0.3962,0.10495,0.032
2019-06-29,11903.13,8.2662,317.62,0.4262,0.11491,0.03498
2019-06-28,12400.63,8.0315,311.05,0.4261,0.11169,0.03379
2019-06-27,11329.99,7.7688,298.35,0.41049,0.10921,0.03266
2019-06-26,13093.8,9.0856,339.39,0.46805,0.12317,0.03677
2019-06-25,11820.86,9.2572,318.26,0.46809,0.12399,0.03848
2019-06-24,11056.59,9.3112,311.64,0.47385,0.12845,0.03852
2019-06-23,10906.07,9.2979,308.52,0.47015,0.12817,0.03757
2019-06-22,10729.5,9.1712,310.79,0.47729,0.12981,0.03748
2019-06-21,10159.86,8.6985,294.35,0.4425,0.12315,0.03306
2019-06-20,9517.12,8.4845,271.22,0.42995,0.12099,0.03263
2019-06-19,9255.49,8.5168,268.14,0.43406,0.12382,0.03324
2019-06-18,9081.55,8.4395,264.66,0.42694,0.1237,0.03309
2019-06-17,9313.96,8.7705,273.16,0.44705,0.13087,0.03383
2019-06-16,8953.33,8.6827,267.73,0.42703,0.12958,0.03281
2019-06-15,8808.7,8.5849,267.82,0.4095,0.12638,0.03264
2019-06-14,8650.0,8.5408,262.47,0.40201,0.12486,0.03184
2019-06-13,8218.54,8.5339,254.67,0.39876,0.12414,0.03255
2019-06-12,8127.64,8.6203,261.15,0.40074,0.12697,0.03349
2019-06-11,7884.9,8.2267,244.29,0.39192,0.12234,0.03108
2019-06-10,7982.75,8.3124,246.51,0.3999,0.12323,0.03154
2019-06-09,7628.13,8.1171,230.98,0.38527,0.11845,0.02963
2019-06-08,7893.62,8.3993,243.25,0.40699,0.12376,0.03202
2019-06-07,7980.53,8.2067,248.77,0.41886,0.12705,0.03348
2019-06-06,7786.7,7.9374,248.76,0.41937,0.1248,0.03259
2019-06-05,7776.5,8.0964,245.63,0.4001,0.12119,0.03396
2019-06-04,7687.03,8.2603,241.39,0.39878,0.12106,0.03505
2019-06-03,8115.82,9.3529,249.91,0.41731,0.12764,0.03375
2019-06-02,8725.98,9.5287,268.88,0.44396,0.13639,0.03822
2019-06-01,8544.07,8.5698,264.33,0.42894,0.13257,0.03746
2019-05-31,8555.0,8.6614,267.9,0.43851,0.13348,0.03307
2019-05-30,8269.54,8.0665,254.56,0.41789,0.12872,0.03102
2019-05-29,8645.68,8.1954,268.83,0.44307,0.13566,0.03365
2019-05-28,8715.64,8.2296,271.03,0.44877,0.13917,0.03471
2019-05-27,8756.32,8.1316,270.53,0.43331,0.13778,0.03497
2019-05-26,8614.43,7.6004,264.45,0.40372,0.1316,0.0307
2019-05-25,8025.41,7.2763,250.22,0.3852,0.12475,0.0276
2019-05-24,7964.87,7.2925,248.87,0.38286,0.12522,0.02761
2019-05-23,7851.51,7.0552,244.56,0.37956,0.12483,0.02696
2019-05-22,7628.43,6.9025,243.64,0.37183,0.12173,0.02655
2019-05-21,7904.87,7.385,253.43,0.39524,0.13359,0.0283
2019-05-20,7938.15,7.3647,250.37,0.39636,0.13495,0.02782
2019-05-19,8148.48,7.765,259.51,0.41631,0.14264,0.02825
2019-05-18,7257.45,7.16,233.6,0.37183,0.13129,0.02644
2019-05-17,7355.26,7.2659,244.3,0.38862,0.13084,0.027
2019-05-16,7866.59,7.6505,264.25,0.41876,0.13805,0.0285
2019-05-15,8169.87,7.628,248.1,0.45734,0.14126,0.0309
2019-05-14,7947.56,6.5399,216.4,0.409,0.11338,0.02727
2019-05-13,7790.71,6.0496,195.84,0.32409,0.09951,0.02433
2019-05-12,6967.31,5.8319,188.11,0.31016,0.09823,0.02376
2019-05-11,7076.22,5.9556,190.2,0.31724,0.10273,0.02479
2019-05-10,6373.33,5.6392,172.91,0.29881,0.09238,0.0236
2019-05-09,6209.18,5.5821,170.9,0.29488,0.08883,0.02319
2019-05-08,5987.29,5.707,170.85,0.29958,0.09216,0.02453
2019-05-07,5846.34,5.6603,169.18,0.29819,0.0933,0.02385
2019-05-06,5747.79,5.6912,173.0,0.30283,0.09718,0.02379
2019-05-05,5775.62,5.7213,163.05,0.30044,0.097,0.02319
2019-05-04,5829.45,5.8306,163.7,0.30305,0.09856,0.023
2019-05-03,5772.69,6.0612,168.06,0.30784,0.10224,0.02381
2019-05-02,5492.87,5.7789,161.81,0.30205,0.09974,0.02339
2019-05-01,5383.2,5.8103,160.19,0.30304,0.10106,0.02348
2019-04-30,5320.81,5.886,161.83,0.3087,0.10061,0.02349
2019-04-29,5238.14,5.5908,155.11,0.29323,0.09551,0.02243
2019-04-28,5307.52,5.6296,157.85,0.29946,0.0985,0.02334
2019-04-27,5295.69,5.5464,159.31,0.29928,0.10037,0.02348
2019-04-26,5314.1,5.4835,157.95,0.3035,0.09993,0.02382
2019-04-25,5219.9,5.4369,154.72,0.29161,0.09854,0.02306
2019-04-24,5415.0,5.5508,164.78,0.29963,0.10232,0.02325
2019-04-23,5493.31,5.8715,169.16,0.31807,0.10867,0.02408
2019-04-22,5357.14,5.8944,170.52,0.32252,0.11229,0.02492
2019-04-21,5256.14,5.8822,168.59,0.31963,0.11095,0.02476
2019-04-20,5291.73,6.2131,172.88,0.32668,0.11526,0.02582
2019-04-19,5258.68,6.2528,172.64,0.32999,0.11486,0.02625
2019-04-18,5258.44,6.3218,173.33,0.33533,0.11732,0.02672
2019-04-17,5202.82,6.1861,165.75,0.33436,0.11667,0.02649
2019-04-16,5173.72,6.2393,165.37,0.32379,0.11423,0.02666
2019-04-15,5024.95,6.1626,159.95,0.31905,0.11237,0.02622
2019-04-14,5131.3,6.4124,167.23,0.32762,0.1172,0.02686
2019-04-13,5045.22,6.2917,162.99,0.32458,0.11501,0.02604
2019-04-12,5048.01,6.31,163.19,0.32325,0.11318,0.02628
2019-04-11,5017.37,6.2411,164.07,0.32705,0.11438,0.02641
2019-04-10,5308.25,7.0264,177.12,0.35345,0.12578,0.02997
2019-04-09,5150.0,6.9248,174.6,0.34732,0.12417,0.0296
2019-04-08,5236.9,7.1169,178.72,0.35568,0.12969,0.03033
2019-04-07,5170.27,7.6627,174.21,0.3612,0.13226,0.02889
2019-04-06,5043.89,5.9932,165.5,0.35264,0.12492,0.02668
2019-04-05,5004.95,5.7268,164.77,0.3613,0.12697,0.02699
2019-04-04,4898.66,5.3285,157.36,0.32996,0.11722,0.02582
2019-04-03,4932.6,5.4051,159.96,0.34022,0.12038,0.02595
2019-04-02,4857.29,5.4288,163.31,0.3505,0.12111,0.02671
2019-04-01,4144.56,4.8095,141.24,0.31248,0.11017,0.02433
2019-03-31,4103.95,4.8245,141.38,0.30889,0.10824,0.02344
2019-03-30,4106.97,4.7843,142.46,0.31107,0.10725,0.02322
2019-03-29,4103.25,4.8722,143.25,0.30774,0.10752,0.0233
2019-03-28,4027.81,4.7055,137.86,0.30604,0.1065,0.02315
2019-03-27,4038.05,4.7962,139.45,0.31012,0.1076,0.0233
2019-03-26,3948.55,4.6663,134.18,0.30302,0.10258,0.0224
2019-03-25,3936.12,4.6901,133.98,0.3031,0.10014,0.02256
2019-03-24,3992.18,4.8234,136.09,0.30787,0.10437,0.02324
2019-03-23,4006.01,4.874,137.28,0.31182,0.10681,0.02428
2019-03-22,3986.93,4.8519,135.98,0.31041,0.10815,0.02251
2019-03-21,3980.64,4.7593,134.85,0.30965,0.10554,0.02217
2019-03-20,4043.04,4.6506,139.01,0.31779,0.10882,0.02279
2019-03-19,4015.53,4.5956,138.55,0.31594,0.11193,0.02275
2019-03-18,3987.81,4.3927,137.59,0.31452,0.11616,0.02278
2019-03-17,3981.14,4.4148,138.67,0.3154,0.10896,0.0229
2019-03-16,4005.98,4.4836,140.92,0.31868,0.10837,0.02313
2019-03-15,3923.76,4.3995,136.56,0.31473,0.10621,0.02295
2019-03-14,3877.12,4.296,132.2,0.31131,0.10639,0.02242
2019-03-13,3866.0,4.2156,131.65,0.31332,0.10916,0.02221
2019-03-12,3882.73,4.2704,133.57,0.31031,0.10541,0.02227
2019-03-11,3871.61,4.1992,132.67,0.30992,0.10199,0.02208
2019-03-10,3916.82,4.3094,135.37,0.31289,0.10028,0.02285
2019-03-09,3943.04,4.2432,137.27,0.31389,0.09028,0.02277
2019-03-08,3864.89,4.1892,133.52,0.30775,0.08629,0.02233
2019-03-07,3873.64,4.3542,136.81,0.31311,0.08519,0.02294
2019-03-06,3861.84,4.265,137.4,0.31629,0.08469,0.02318
2019-03-05,3857.73,4.2664,136.72,0.31471,0.08565,0.02375
2019-03-04,3715.3,4.0855,125.65,0.30207,0.08199,0.02277
2019-03-03,3807.75,4.2423,130.6,0.31114,0.0875,0.02248
2019-03-02,3819.93,4.23,132.56,0.31382,0.08358,0.02267
2019-03-01,3823.0,4.2312,135.32,0.31564,0.08467,0.02349
2019-02-28,3813.69,4.2171,135.34,0.3139,0.08439,0.02364
2019-02-27,3818.07,4.2854,135.02,0.31067,0.08413,0.02394
2019-02-26,3809.23,4.2545,136.22,0.31658,0.08441,0.02411
2019-02-25,3827.92,4.2366,137.87,0.32731,0.08603,0.02407
2019-02-24,3743.56,4.0862,132.1,0.29757,0.08185,0.02327
2019-02-23,4117.76,4.8067,157.79,0.33201,0.09389,0.02528
2019-02-22,3962.0,4.6762,147.36,0.32105,0.0904,0.0249
2019-02-21,3937.31,4.492,145.69,0.3207,0.08854,0.02471
2019-02-20,3969.74,4.6727,148.44,0.3315,0.09198,0.025
2019-02-19,3907.79,4.5363,143.44,0.32238,0.08974,0.0248
2019-02-18,3898.6,4.3857,145.69,0.32194,0.08371,0.0249
2019-02-17,3667.58,4.1738,133.75,0.30318,0.07964,0.02378
2019-02-16,3618.41,4.0758,122.67,0.30077,0.07811,0.02356
2019-02-15,3602.47,4.0937,121.67,0.30194,0.07907,0.0237
2019-02-14,3590.56,4.1065,120.42,0.30081,0.07626,0.0233
2019-02-13,3609.4,4.0982,121.86,0.30382,0.07622,0.02406
2019-02-12,3631.46,4.0685,122.41,0.30514,0.07718,0.02441
2019-02-11,3631.05,4.0697,120.89,0.30255,0.077,0.02457
2019-02-10,3680.06,4.1584,125.12,0.30988,0.08022,0.02579
2019-02-09,3665.18,4.0761,119.19,0.31215,0.08069,0.02623
2019-02-08,3659.04,4.1355,119.25,0.31205,0.08142,0.02681
2019-02-07,3398.4,3.8406,104.48,0.29145,0.07426,0.02569
2019-02-06,3405.37,3.745,104.5,0.2894,0.07426,0.02551
2019-02-05,3471.59,3.8582,107.27,0.29972,0.07702,0.02623
2019-02-04,3463.22,3.8746,107.68,0.29939,0.07862,0.02698
2019-02-03,3458.11,3.8983,107.36,0.30219,0.08012,0.02542
2019-02-02,3504.77,3.9821,110.42,0.3103,0.083,0.02608
2019-02-01,3462.07,3.9046,106.73,0.30624,0.08083,0.02615
2019-01-31,3434.1,3.9287,106.44,0.30911,0.08115,0.02511
2019-01-30,3458.18,3.973,108.29,0.32109,0.08509,0.02717
2019-01-29,3411.04,3.8689,104.45,0.28693,0.08216,0.02709
2019-01-28,3434.15,3.9067,105.5,0.29223,0.08583,0.02673
2019-01-27,3550.84,4.2064,112.05,0.30646,0.0943,0.02902
2019-01-26,3565.25,4.2704,115.34,0.31258,0.09814,0.0285
2019-01-25,3565.29,4.3159,115.11,0.31384,0.0995,0.02651
2019-01-24,3569.62,4.2637,116.39,0.31593,0.101,0.02672
2019-01-23,3552.82,4.2467,116.44,0.31415,0.10068,0.02631
2019-01-22,3570.93,4.2776,117.81,0.31762,0.10209,0.02619
2019-01-21,3526.9,4.2231,115.63,0.31767,0.10139,0.02537
2019-01-20,3539.28,4.2098,117.47,0.3168,0.10289,0.02355
2019-01-19,3665.3,4.341,122.6,0.3267,0.10651,0.02419
2019-01-18,3594.87,4.3153,119.17,0.32036,0.10542,0.02441
2019-01-17,3616.21,4.4137,121.54,0.32489,0.10712,0.02492
2019-01-16,3591.84,4.2516,121.48,0.3257,0.10551,0.02479
2019-01-15,3553.06,4.1215,118.95,0.3215,0.1037,0.02395
2019-01-14,3626.09,4.2913,126.95,0.32871,0.10732,0.02524
2019-01-13,3476.81,4.1395,114.16,0.31132,0.10102,0.02085
2019-01-12,3583.13,4.4593,123.35,0.32557,0.10447,0.02296
2019-01-11,3601.31,4.3799,124.65,0.3258,0.10385,0.02453
2019-01-10,3585.88,4.3316,124.95,0.32464,0.10595,0.02541
2019-01-09,3966.65,4.9059,148.1,0.3648,0.1225,0.02785
2019-01-08,3955.13,4.8852,147.6,0.36073,0.12153,0.02589
2019-01-07,3975.45,4.8099,149.34,0.36022,0.12232,0.02334
2019-01-06,3987.6,5.385,153.86,0.36042,0.11871,0.02249
2019-01-05,3770.96,5.0564,152.83,0.34851,0.11148,0.0219
2019-01-04,3792.01,5.1894,151.97,0.35308,0.11271,0.02106
2019-01-03,3766.78,4.9982,146.3,0.3524,0.11139,0.01966
2019-01-02,3858.56,5.32,152.01,0.36882,0.11656,0.01974
2019-01-01,3797.14,5.252,139.1,0.3608,0.11351,0.01928
2018-12-31,3702.9,4.9798,131.45,0.34849,0.11002,0.01868
2018-12-30,3801.91,5.2048,137.77,0.36489,0.11556,0.01961
2018-12-29,3695.32,5.0314,132.89,0.35593,0.11435,0.01939
2018-12-28,3839.26,5.1775,135.3,0.36997,0.11878,0.0203
2018-12-27,3567.91,4.7049,113.8,0.33368,0.10727,0.01798
2018-12-26,3777.74,5.4207,129.35,0.37253,0.11836,0.02001
2018-12-25,3745.79,4.647,127.6,0.37598,0.11882,0.01967
2018-12-24,4008.01,5.0642,138.03,0.40092,0.13063,0.02065
2018-12-23,3929.71,4.8427,129.03,0.3669,0.12454,0.02056
2018-12-22,3948.91,4.6151,115.2,0.35644,0.1201,0.02065
2018-12-21,3838.66,4.4714,107.69,0.35428,0.11869,0.01973
2018-12-20,4049.62,4.7063,114.05,0.37228,0.12414,0.01703
2018-12-19,3662.22,4.3031,98.74,0.34468,0.11174,0.01526
2018-12-18,3652.98,4.1642,100.39,0.34979,0.11368,0.01475
2018-12-17,3509.08,3.9594,94.02,0.32721,0.10874,0.01407
2018-12-16,3228.67,3.611,84.67,0.28669,0.09569,0.01293
2018-12-15,3211.72,3.5977,83.76,0.28422,0.09453,0.01273
2018-12-14,3224.17,3.7136,83.82,0.28816,0.09666,0.01272
2018-12-13,3302.06,3.8637,86.34,0.29934,0.10472,0.01304
2018-12-12,3445.0,3.8621,89.41,0.30463,0.1124,0.0132
2018-12-11,3380.39,3.6912,87.76,0.29904,0.11122,0.01317
2018-12-10,3432.88,3.8312,89.91,0.29956,0.11546,0.01311
2018-12-09,3545.37,3.9069,93.26,0.30914,0.12121,0.01341
2018-12-08,3410.93,3.7962,90.38,0.30247,0.1162,0.01324
2018-12-07,3403.55,3.8285,93.05,0.30114,0.11495,0.01321
2018-12-06,3508.75,3.5229,91.0,0.30919,0.1178,0.01279
2018-12-05,3769.84,4.0393,102.71,0.3395,0.13393,0.01397
2018-12-04,3951.64,4.4169,109.94,0.35231,0.14692,0.01433
2018-12-03,3884.01,4.5162,108.76,0.34827,0.14893,0.01377
2018-12-02,4161.01,5.1879,116.57,0.36963,0.16101,0.01499
2018-12-01,4190.02,4.8396,118.1,0.37205,0.16451,0.01508
2018-11-30,4041.32,4.6277,113.73,0.36466,0.15973,0.01451
2018-11-29,4295.84,4.9318,117.98,0.38149,0.16524,0.01574
2018-11-28,4264.85,5.0011,122.9,0.39203,0.16107,0.01467
2018-11-27,3875.21,4.5871,111.43,0.365,0.14663,0.01204
2018-11-26,3862.2,4.4013,110.68,0.36354,0.14773,0.01192
2018-11-25,4085.78,4.8493,118.67,0.382,0.16293,0.01252
2018-11-24,3932.44,4.855,114.89,0.37982,0.15399,0.01262
2018-11-23,4420.61,5.2632,125.02,0.41447,0.18395,0.01387
2018-11-22,4370.0,5.2988,126.63,0.42831,0.18715,0.01381
2018-11-21,4661.07,5.8304,138.23,0.45367,0.20619,0.01489
2018-11-20,4558.86,5.65,133.82,0.44285,0.19688,0.01416
2018-11-19,4910.03,6.2797,150.81,0.4825,0.22749,0.01588
2018-11-18,5662.0,7.5234,178.97,0.51611,0.25333,0.01896
2018-11-17,5628.29,7.4797,176.2,0.49813,0.24886,0.01904
2018-11-16,5655.94,7.5637,176.89,0.47765,0.24148,0.01912
2018-11-15,5753.4,7.8927,184.35,0.48931,0.24508,0.01942
2018-11-14,5922.41,8.2012,187.43,0.4846,0.241,0.01999
2018-11-13,6457.66,9.1848,209.84,0.51736,0.26139,0.02222
2018-11-12,6453.07,9.2608,212.89,0.5245,0.27108,0.02269
2018-11-11,6449.81,9.3041,212.54,0.51019,0.27712,0.02299
2018-11-10,6433.05,9.519,213.25,0.50956,0.26459,0.02309
2018-11-09,6419.99,9.5498,210.77,0.5044,0.25864,0.02315
2018-11-08,6479.84,9.5167,212.79,0.49694,0.25825,0.02319
2018-11-07,6578.46,9.7302,219.07,0.5409,0.25916,0.02415
2018-11-06,6519.11,10.0255,220.74,0.55523,0.2688,0.02475
2018-11-05,6468.99,9.4899,210.66,0.5022,0.24919,0.02394
2018-11-04,6485.85,9.5696,212.11,0.46999,0.24596,0.02369
2018-11-03,6387.09,9.154,200.31,0.45713,0.23673,0.02273
2018-11-02,6433.98,9.209,202.35,0.463,0.23838,0.023
2018-11-01,6410.0,9.107,199.96,0.46141,0.22648,0.02253
2018-10-31,6371.93,9.0855,198.73,0.45418,0.22668,0.02239
2018-10-30,6330.87,9.0239,197.27,0.44749,0.22368,0.02222
2018-10-29,6344.5,9.1034,196.96,0.44506,0.22273,0.02221
2018-10-28,6489.93,9.6286,204.99,0.46472,0.23453,0.02358
2018-10-27,6505.6,9.6867,204.45,0.46012,0.23113,0.02343
2018-10-26,6538.63,9.754,204.92,0.46657,0.2371,0.02391
2018-10-25,6528.09,9.776,203.93,0.46351,0.23836,0.0234
2018-10-24,6565.5,9.8365,205.35,0.46402,0.24113,0.02373
2018-10-23,6553.51,9.9226,205.85,0.47006,0.24555,0.02372
2018-10-22,6581.2,10.2037,206.67,0.46192,0.24851,0.02423
2018-10-21,6590.11,9.7639,207.49,0.46458,0.24731,0.02458
2018-10-20,6588.4,9.82,207.91,0.46788,0.25185,0.02448
2018-10-19,6528.88,9.75,205.0,0.46077,0.25008,0.02437
2018-10-18,6618.96,9.7965,206.24,0.4675,0.24556,0.02471
2018-10-17,6740.89,10.1051,212.85,0.48437,0.24971,0.02496
2018-10-16,6759.27,9.989,215.09,0.48352,0.23675,0.02497
2018-10-15,6752.5,10.0182,214.39,0.46168,0.22943,0.02575
2018-10-14,6339.34,9.5081,197.01,0.40994,0.21102,0.02387
2018-10-13,6332.93,9.5974,201.3,0.4227,0.21624,0.02385
2018-10-12,6298.01,9.5181,196.96,0.42071,0.21563,0.0228
2018-10-11,6252.68,9.2017,191.58,0.38315,0.2071,0.02095
2018-10-10,6631.0,10.9023,226.74,0.46605,0.24306,0.02553
2018-10-09,6656.61,10.9509,228.4,0.48199,0.2481,0.0261
2018-10-08,6673.01,11.0077,230.01,0.49335,0.24998,0.02667
2018-10-07,6615.26,10.95,226.14,0.48269,0.24535,0.02699
2018-10-06,6594.27,10.9652,225.4,0.48964,0.24145,0.02383
2018-10-05,6635.65,11.0963,228.37,0.5211,0.24767,0.02343
2018-10-04,6593.79,11.0936,222.66,0.5294,0.2443,0.0228
2018-10-03,6510.0,11.141,220.77,0.5293,0.2419,0.02165
2018-10-02,6525.79,11.163,225.69,0.51692,0.24662,0.02202
2018-10-01,6611.61,11.2504,231.61,0.5776,0.25883,0.02209
2018-09-30,6626.57,11.3203,232.94,0.58257,0.2599,0.02227
2018-09-29,6596.38,11.3992,231.62,0.56876,0.2543,0.02203
2018-09-28,6634.58,11.2481,221.84,0.54025,0.25325,0.02195
2018-09-27,6689.13,11.4479,229.13,0.54305,0.26009,0.0225
2018-09-26,6465.12,10.9619,214.42,0.513,0.24353,0.02096
2018-09-25,6447.54,11.11,219.62,0.5256,0.253,0.0213
2018-09-24,6581.39,11.0405,228.06,0.49358,0.25856,0.02202
2018-09-23,6708.0,11.6,244.5,0.5719,0.28163,0.02381
2018-09-22,6723.05,11.4491,241.01,0.57368,0.24047,0.02324
2018-09-21,6759.02,11.7085,247.73,0.56405,0.24808,0.02492
2018-09-20,6492.0,11.14,224.0,0.44819,0.23216,0.02134
2018-09-19,6391.89,10.7821,209.79,0.32679,0.20632,0.01976
2018-09-18,6336.45,10.5548,208.17,0.31897,0.20666,0.01928
2018-09-17,6248.69,10.28,196.16,0.2706,0.19521,0.01839
2018-09-16,6505.0,11.2048,220.17,0.28122,0.2058,0.01994
2018-09-15,6514.96,11.28,221.29,0.28031,0.20204,0.01986
2018-09-14,6476.63,10.9416,208.82,0.27571,0.20012,0.01966
2018-09-13,6487.38,11.1085,210.68,0.27933,0.2058,0.01984
2018-09-12,6338.62,10.7222,183.12,0.2699,0.19672,0.01823
2018-09-11,6294.91,11.2605,185.18,0.26314,0.20071,0.0185
2018-09-10,6312.0,11.3064,197.15,0.27,0.19011,0.01923
2018-09-09,6250.81,11.21,195.81,0.2766,0.19024,0.01932
2018-09-08,6185.05,10.9721,196.71,0.27679,0.19328,0.01921
2018-09-07,6395.54,11.5867,215.22,0.2869,0.20593,0.02034
2018-09-06,6516.01,11.9851,229.7,0.30179,0.208,0.02163
2018-09-05,6700.0,11.7599,228.53,0.27889,0.20335,0.02153
2018-09-04,7359.06,13.9819,285.3,0.33116,0.23206,0.02524
2018-09-03,7263.02,14.0611,289.09,0.33493,0.22061,0.02507
2018-09-02,7302.01,13.4031,295.41,0.34253,0.226,0.02568
2018-09-01,7200.01,13.1736,295.71,0.34699,0.22991,0.02666
2018-08-31,7011.21,12.7411,281.41,0.3353,0.22282,0.0253
2018-08-30,6984.84,12.848,283.89,0.33518,0.22185,0.02495
2018-08-29,7031.22,12.996,288.4,0.34494,0.2262,0.02538
2018-08-28,7076.11,13.1837,295.44,0.35128,0.23528,0.02684
2018-08-27,6908.64,12.7227,287.71,0.33901,0.22728,0.02461
2018-08-26,6700.0,12.4457,274.29,0.32276,0.213,0.02273
2018-08-25,6733.64,12.505,277.55,0.32702,0.21787,0.02238
2018-08-24,6681.64,12.5709,281.19,0.32646,0.21903,0.02152
2018-08-23,6525.01,12.4789,275.99,0.3263,0.21694,0.02067
2018-08-22,6360.89,12.1713,270.8,0.3185,0.20752,0.0195
2018-08-21,6480.0,12.732,281.21,0.33339,0.21898,0.02091
2018-08-20,6254.84,12.3703,270.51,0.31499,0.21134,0.02035
2018-08-19,6477.53,13.3035,299.42,0.34201,0.22785,0.02205
2018-08-18,6387.96,13.1793,294.11,0.32829,0.22188,0.02131
2018-08-17,6584.49,14.4524,317.51,0.3672,0.23939,0.02333
2018-08-16,6311.75,13.8966,287.17,0.29142,0.21451,0.01931
2018-08-15,6267.16,13.2459,281.12,0.28039,0.21475,0.01918
2018-08-14,6188.08,11.77,278.41,0.2725,0.21661,0.01858
2018-08-13,6246.35,11.9,283.81,0.2743,0.22174,0.01909
2018-08-12,6308.33,13.1844,317.89,0.29547,0.22344,0.02248
2018-08-11,6232.35,13.1436,317.69,0.29784,0.21598,0.02213
2018-08-10,6144.01,14.2569,331.81,0.31897,0.22187,0.02362
2018-08-09,6529.79,15.0176,363.3,0.3441,0.22065,0.02551
2018-08-08,6285.0,15.1413,355.48,0.33171,0.19731,0.02428
2018-08-07,6720.06,17.3,378.21,0.37863,0.22799,0.02766
2018-08-06,6934.82,18.7005,405.28,0.4129,0.23314,0.02912
2018-08-05,7024.19,17.687,408.79,0.4345,0.2431,0.03025
2018-08-04,7009.84,16.4573,407.21,0.42985,0.23886,0.02879
2018-08-03,7418.78,16.5698,417.52,0.44033,0.25564,0.03039
2018-08-02,7525.71,14.9281,410.62,0.42975,0.25946,0.03128
2018-08-01,7604.58,15.4773,420.41,0.44642,0.27684,0.03252
2018-07-31,7730.93,16.185,432.22,0.4353,0.27693,0.03373
2018-07-30,8173.92,17.118,456.23,0.44534,0.29466,0.03635
2018-07-29,8211.0,16.8879,466.4,0.45315,0.30793,0.03905
2018-07-28,8225.04,17.0143,469.29,0.45641,0.315,0.0369
2018-07-27,8188.57,17.0736,470.09,0.4555,0.31889,0.03654
2018-07-26,7920.0,16.66,462.64,0.44968,0.30815,0.03593
2018-07-25,8175.64,16.5352,472.1,0.4598,0.33371,0.03713
2018-07-24,8397.24,16.5948,479.28,0.45885,0.30052,0.0379
2018-07-23,7721.01,16.0477,450.05,0.44499,0.28623,0.03406
2018-07-22,7394.79,16.1449,457.47,0.44859,0.2831,0.0351
2018-07-21,7398.78,16.3356,460.23,0.45506,0.29279,0.03554
2018-07-20,7337.53,16.1008,449.04,0.44439,0.26883,0.03487
2018-07-19,7466.21,17.3844,468.57,0.47687,0.30569,0.03804
2018-07-18,7381.9,17.3411,479.41,0.48868,0.29767,0.03969
2018-07-17,7317.44,17.92,498.76,0.50728,0.25373,0.03973
2018-07-16,6723.35,17.384,478.49,0.48173,0.23948,0.03751
2018-07-15,6353.01,16.6365,449.78,0.44681,0.22118,0.03437
2018-07-14,6251.99,16.3634,433.19,0.43864,0.2085,0.0333
2018-07-13,6214.57,16.27,432.46,0.43754,0.20515,0.0332
2018-07-12,6250.57,16.3326,431.14,0.43675,0.18424,0.03242
2018-07-11,6378.07,16.44,444.99,0.44872,0.18921,0.0335
2018-07-10,6296.91,16.05,432.48,0.44337,0.19086,0.03318
2018-07-09,6662.12,18.1567,471.71,0.473,0.20575,0.0355
2018-07-08,6712.1,18.3447,486.77,0.47915,0.21033,0.03677
2018-07-07,6756.98,18.6621,485.57,0.48494,0.20836,0.03704
2018-07-06,6609.78,18.327,470.47,0.47698,0.2068,0.03584
2018-07-05,6529.2,17.4,467.87,0.4769,0.2006,0.03703
2018-07-04,6586.98,16.8426,467.38,0.49097,0.2105,0.03888
2018-07-03,6513.86,16.1401,461.82,0.4844,0.2053,0.03808
2018-07-02,6615.29,16.6514,476.25,0.4899,0.21483,0.03962
2018-07-01,6356.81,16.0358,452.1,0.46222,0.19989,0.03665
2018-06-30,6390.07,16.1571,454.09,0.46796,0.19319,0.03756
2018-06-29,6197.92,15.2534,434.77,0.45321,0.18653,0.03638
2018-06-28,5853.98,14.5421,420.22,0.44575,0.17702,0.03605
2018-06-27,6133.73,15.4501,441.64,0.4701,0.19036,0.03888
2018-06-26,6070.78,14.8447,429.34,0.453,0.18345,0.03737
2018-06-25,6252.0,15.85,458.7,0.48125,0.19751,0.04208
2018-06-24,6136.97,14.792,454.41,0.47331,0.19277,0.04205
2018-06-23,6149.98,14.753,473.41,0.49005,0.20212,0.044
2018-06-22,6045.0,14.48,462.09,0.48216,0.2004,0.0427
2018-06-21,6718.84,17.5826,526.18,0.53457,0.22643,0.0487
2018-06-20,6761.51,17.35,536.49,0.53916,0.23067,0.0498
2018-06-19,6741.21,15.6025,537.97,0.54834,0.23409,0.04965
2018-06-18,6712.46,15.0902,517.95,0.5387,0.23262,0.04509
2018-06-17,6449.61,14.2399,497.14,0.52617,0.22814,0.04234
2018-06-16,6483.98,14.44,496.74,0.53275,0.22953,0.04295
2018-06-15,6388.9,13.82,487.48,0.53258,0.22899,0.04232
2018-06-14,6635.98,14.0624,519.29,0.55769,0.2399,0.04505
2018-06-13,6292.78,13.8499,475.47,0.52862,0.21839,0.04098
2018-06-12,6530.0,14.6282,493.0,0.5556,0.22717,0.0433
2018-06-11,6872.0,,531.69,0.59989,0.25332,0.0484
2018-06-10,6764.99,,524.11,0.58201,0.24402,
2018-06-09,7491.73,,592.87,0.6574,0.28027,
2018-06-08,7603.44,,598.68,0.6721,0.28698,
2018-06-07,7691.08,,605.16,0.67756,0.29298,
2018-06-06,7658.84,,607.4,0.6741,0.2995,
2018-06-05,7625.0,,609.05,0.67464,0.29403,
2018-06-04,7487.0,,591.02,0.65507,0.2908,
2018-06-03,7714.26,,619.66,0.6901,0.30405,
2018-06-02,7640.03,,590.85,0.64269,0.2974,
2018-06-01,7521.01,,579.0,0.62151,0.28863,
2018-05-31,7485.01,,577.81,0.6114,0.29568,
2018-05-30,7375.96,,557.19,0.60149,,
2018-05-29,7461.29,,567.36,0.59998,,
2018-05-28,7099.0,,511.5,0.54689,,
2018-05-27,7338.99,,570.4,0.60416,,
2018-05-26,7333.96,,586.0,0.60852,,
2018-05-25,7457.0,,585.55,0.60459,,
2018-05-24,7575.01,,602.18,0.62814,,
2018-05-23,7501.95,,577.19,0.59198,,
2018-05-22,7977.11,,640.99,0.63782,,
2018-05-21,8381.24,,696.7,0.67612,,
2018-05-20,8526.98,,716.16,0.6994,,
2018-05-19,8233.49,,697.0,0.67339,,
2018-05-18,8239.81,,692.6,0.67766,,
2018-05-17,8041.46,,667.62,0.65849,,
2018-05-16,8330.0,,706.29,0.70585,,
2018-05-15,8462.0,,704.91,0.689,,
2018-05-14,8663.34,,727.49,0.72694,,
2018-05-13,8679.71,,729.08,0.72999,,
2018-05-12,8465.94,,684.11,0.68522,,
2018-05-11,8400.0,,676.96,0.6761,,
2018-05-10,9002.2,,722.52,0.74558,,
2018-05-09,9310.0,,751.75,0.79481,,
2018-05-08,9187.56,,748.99,0.80667,,
2018-05-07,9365.0,,752.49,0.8249,,
2018-05-06,9659.01,,794.3,0.86483,,
2018-05-05,9864.0,,819.5,0.9028,,
2018-05-04,9713.99,,785.99,0.8899,,
2018-05-03,9750.0,,779.0,,,
2018-05-02,9247.84,,688.56,,,
2018-05-01,9071.48,,672.0,,,
2018-04-30,9246.01,,670.78,,,
2018-04-29,9419.0,,690.85,,,
2018-04-28,9348.0,,682.86,,,
2018-04-27,8915.35,,643.46,,,
2018-04-26,9266.0,,661.51,,,
2018-04-25,8869.99,,618.0,,,
2018-04-24,9619.99,,701.58,,,
2018-04-23,8934.01,,645.09,,,
2018-04-22,8787.02,,620.92,,,
2018-04-21,8915.31,,604.87,,,
2018-04-20,8856.98,,617.09,,,
2018-04-19,8278.0,,568.14,,,
2018-04-18,8173.0,,526.09,,,
2018-04-17,7885.02,,502.56,,,
2018-04-16,8064.92,,511.46,,,
2018-04-15,8355.0,,533.88,,,
2018-04-14,7999.01,,502.68,,,
2018-04-13,7877.41,,495.11,,,
2018-04-12,7923.0,,495.67,,,
2018-04-11,6953.79,,429.52,,,
2018-04-10,6843.9,,416.07,,,
2018-04-09,6782.72,,399.44,,,
2018-04-08,7018.0,,400.4,,,
2018-04-07,6895.8,,384.51,,,
2018-04-06,6601.39,,368.89,,,
2018-04-05,6770.76,,381.22,,,
2018-04-04,6796.1,,378.16,,,
2018-04-03,7405.21,,415.01,,,
2018-04-02,7056.0,,385.05,,,
2018-04-01,6813.01,,378.58,,,
2018-03-31,6923.91,,393.92,,,
2018-03-30,6840.23,,392.43,,,
2018-03-29,7090.14,,384.0,,,
2018-03-28,7949.3,,446.67,,,
2018-03-27,7795.51,,448.5,,,
2018-03-26,8134.23,,485.0,,,
2018-03-25,8470.15,,523.74,,,
2018-03-24,8546.86,,520.22,,,
2018-03-23,8898.03,,543.03,,,
2018-03-22,8722.9,,539.92,,,
2018-03-21,8885.0,,559.17,,,
2018-03-20,8909.98,,557.0,,,
2018-03-19,8600.0,,556.88,,,
2018-03-18,8189.99,,537.0,,,
2018-03-17,7824.8,,546.95,,,
2018-03-16,8260.0,,599.05,,,
2018-03-15,8240.98,,608.83,,,
2018-03-14,8170.0,,610.1,,,
2018-03-13,9150.0,,689.94,,,
2018-03-12,9131.34,,697.11,,,
2018-03-11,9533.57,,720.85,,,
2018-03-10,8770.22,,680.58,,,
2018-03-09,9227.0,,723.71,,,
2018-03-08,9271.64,,695.46,,,
2018-03-07,9910.0,,749.9,,,
2018-03-06,10716.48,,813.11,,,
2018-03-05,11454.0,,849.84,,,
2018-03-04,11515.0,,866.66,,,
2018-03-03,11464.48,,856.02,,,
2018-03-02,11039.0,,856.28,,,
2018-03-01,10920.0,,870.63,,,
2018-02-28,10326.76,,853.5,,,
2018-02-27,10569.04,,870.11,,,
2018-02-26,10324.0,,867.98,,,
2018-02-25,9590.0,,841.19,,,
2018-02-24,9694.51,,833.94,,,
2018-02-23,10131.04,,851.6,,,
2018-02-22,9811.04,,801.49,,,
2018-02-21,10437.6,,835.89,,,
2018-02-20,11200.99,,882.99,,,
2018-02-19,11153.0,,938.11,,,
2018-02-18,10383.43,,911.0,,,
2018-02-17,11039.55,,969.99,,,
2018-02-16,10159.98,,938.67,,,
2018-02-15,10000.09,,924.55,,,
2018-02-14,9449.99,,919.09,,,
2018-02-13,8539.9,,841.57,,,
2018-02-12,8903.0,,866.66,,,
2018-02-11,8063.88,,808.99,,,
2018-02-10,8533.98,,851.15,,,
2018-02-09,8683.92,,877.0,,,
2018-02-08,7784.02,,781.66,,,
2018-02-07,7599.0,,754.0,,,
2018-02-06,7652.14,,779.25,,,
2018-02-05,6939.99,,697.92,,,
2018-02-04,8184.81,,823.56,,,
2018-02-03,9199.96,,971.0,,,
2018-02-02,8873.03,,922.3,,,
2018-02-01,9224.52,,1041.94,,,
2018-01-31,10285.1,,1124.81,,,
2018-01-30,10237.51,,1085.5,,,
2018-01-29,11251.0,,1177.01,,,
2018-01-28,11879.95,,1251.96,,,
2018-01-27,11491.0,,1118.99,,,
2018-01-26,11089.0,,1051.03,,,
2018-01-25,11175.27,,1056.52,,,
2018-01-24,11349.99,,1061.0,,,
2018-01-23,10799.18,,980.0,,,
2018-01-22,10760.05,,993.0,,,
2018-01-21,11530.0,,1049.0,,,
2018-01-20,12799.94,,1152.75,,,
2018-01-19,11474.98,,1032.5,,,
2018-01-18,10961.97,,994.0,,,
2018-01-17,10988.79,,1000.0,,,
2018-01-16,10900.0,,1000.0,,,
2018-01-15,13539.93,,1271.0,,,
2018-01-14,13474.99,,1347.0,,,
2018-01-13,14210.0,,1388.02,,,
2018-01-12,13740.01,,1253.87,,,
2018-01-11,13238.78,,1138.93,,,
2018-01-10,14907.09,,1247.0,,,
2018-01-09,14400.0,,1291.0,,,
2018-01-08,14902.54,,1133.18,,,
2018-01-07,16150.03,,1123.09,,,
2018-01-06,17069.79,,1004.11,,,
2018-01-05,16960.39,,959.3,,,
2018-01-04,15059.54,,940.0,,,
2018-01-03,14919.51,,934.03,,,
2018-01-02,14675.11,,855.28,,,
2018-01-01,13380.0,,754.99,,,
2017-12-31,13716.36,,733.98,,,
2017-12-30,12440.01,,681.06,,,
2017-12-29,14378.9,,733.99,,,
2017-12-28,14182.11,,707.89,,,
2017-12-27,15459.99,,739.89,,,
2017-12-26,15689.01,,750.0,,,
2017-12-25,13699.34,,714.95,,,
2017-12-24,13500.0,,658.0,,,
2017-12-23,13300.0,,640.34,,,
2017-12-22,13326.61,,635.97,,,
2017-12-21,15492.64,,782.41,,,
2017-12-20,16488.98,,790.21,,,
2017-12-19,17295.2,,798.0,,,
2017-12-18,18856.25,,784.0,,,
2017-12-17,18860.02,,707.64,,,
2017-12-16,19102.66,,682.81,,,
2017-12-15,17539.83,,674.95,,,
2017-12-14,16334.98,,679.76,,,
2017-12-13,16033.29,,683.99,,,
2017-12-12,16349.99,,620.0,,,
2017-12-11,16587.97,,508.7,,,
2017-12-10,14899.98,,427.35,,,
2017-12-09,14656.07,,460.0,,,
2017-12-08,15880.0,,442.56,,,
2017-12-07,16599.0,,406.33,,,
2017-12-06,13550.05,,411.01,,,
2017-12-05,11699.99,,452.26,,,
2017-12-04,11579.0,,466.67,,,
2017-12-03,11165.41,,460.3,,,
2017-12-02,10890.01,,457.63,,,
2017-12-01,10782.99,,457.51,,,
2017-11-30,9838.96,,427.43,,,
2017-11-29,9687.88,,421.7,,,
2017-11-28,9896.8,,466.17,,,
2017-11-27,9650.0,,472.31,,,
2017-11-26,9128.02,,462.84,,,
2017-11-25,8700.01,,461.82,,,
2017-11-24,8138.0,,469.0,,,
2017-11-23,8019.99,,405.0,,,
2017-11-22,8205.92,,380.65,,,
2017-11-21,8119.51,,362.12,,,
2017-11-20,8212.0,,367.42,,,
2017-11-19,8038.0,,354.15,,,
2017-11-18,7761.94,,346.66,,,
2017-11-17,7699.19,,331.23,,,
2017-11-16,7864.5,,331.49,,,
2017-11-15,7240.06,,331.33,,,
2017-11-14,6574.99,,335.61,,,
2017-11-13,6465.99,,312.99,,,
2017-11-12,5811.03,,305.24,,,
2017-11-11,6245.05,,310.02,,,
2017-11-10,6506.98,,293.5,,,
2017-11-09,7079.99,,317.87,,,
2017-11-08,7303.0,,303.02,,,
2017-11-07,7064.04,,291.78,,,
2017-11-06,6960.12,,297.97,,,
2017-11-05,7345.01,,295.53,,,
2017-11-04,7357.09,,298.04,,,
2017-11-03,7115.04,,304.08,,,
2017-11-02,7019.98,,283.12,,,
2017-11-01,6753.98,,287.01,,,
2017-10-31,6463.0,,304.9,,,
2017-10-30,6120.5,,307.25,,,
2017-10-29,6169.98,,305.0,,,
2017-10-28,5719.64,,291.87,,,
2017-10-27,5768.83,,296.33,,,
2017-10-26,5861.77,,294.71,,,
2017-10-25,5689.99,,294.49,,,
2017-10-24,5477.03,,297.38,,,
2017-10-23,5915.93,,281.09,,,
2017-10-22,5950.02,,293.79,,,
2017-10-21,6024.97,,298.94,,,
2017-10-20,6010.01,,304.51,,,
2017-10-19,5683.9,,308.66,,,
2017-10-18,5512.06,,309.7,,,
2017-10-17,5595.0,,315.19,,,
2017-10-16,5760.02,,335.19,,,
2017-10-15,5709.99,,337.96,,,
2017-10-14,5869.99,,342.0,,,
2017-10-13,5649.98,,337.96,,,
2017-10-12,5430.0,,303.99,,,
2017-10-11,4821.43,,304.01,,,
2017-10-10,4783.06,,298.64,,,
2017-10-09,4786.95,,297.19,,,
2017-10-08,4640.0,,311.07,,,
2017-10-07,4423.0,,311.01,,,
2017-10-06,4369.0,,310.8,,,
2017-10-05,4292.43,,294.81,,,
2017-10-04,4208.59,,291.99,,,
2017-10-03,4310.0,,292.48,,,
2017-10-02,4380.0,,296.5,,,
2017-10-01,4378.48,,303.95,,,
2017-09-30,4378.51,,304.36,,,
2017-09-29,4174.69,,292.22,,,
2017-09-28,4174.5,,302.44,,,
2017-09-27,4193.0,,309.74,,,
2017-09-26,3882.35,,287.9,,,
2017-09-25,3920.75,,294.42,,,
2017-09-24,3660.02,,282.0,,,
2017-09-23,3780.0,,285.93,,,
2017-09-22,3595.87,,264.0,,,
2017-09-21,3609.99,,257.0,,,
2017-09-20,3900.0,,282.0,,,
2017-09-19,3910.04,,284.0,,,
2017-09-18,4035.01,,294.57,,,
2017-09-17,3699.99,,257.55,,,
2017-09-16,3714.95,,249.31,,,
2017-09-15,3700.0,,253.0,,,
2017-09-14,3189.02,,215.21,,,
2017-09-13,3944.69,,276.91,,,
2017-09-12,4163.72,,293.96,,,
