date,Outstanding Shares Millions,Oustanding Shres,Company,Share Price,Market Capital
31/03/2020,"8,863",8863000000,Bank Of America,28.11," 249,138,930,000.00 "
31/12/2019,"9,443",9443000000,Bank Of America,,
30/09/2019,"9,353",9353000000,Bank Of America,,
30/06/2019,"9,560",9560000000,Bank Of America,,
31/03/2019,"9,787",9787000000,Bank Of America,,
31/12/2018,"10,237",10237000000,Bank Of America,,
30/09/2018,"10,171",10171000000,Bank Of America,,
30/06/2018,"10,309",10309000000,Bank Of America,,
31/03/2018,"10,473",10473000000,Bank Of America,,
31/12/2017,"10,778",10778000000,Bank Of America,,
30/09/2017,"10,747",10747000000,Bank Of America,,
30/06/2017,"10,835",10835000000,Bank Of America,,
31/03/2017,"10,920",10920000000,Bank Of America,,
31/12/2016,"11,047",11047000000,Bank Of America,,
30/09/2016,"11,000",11000000000,Bank Of America,,
30/06/2016,"11,059",11059000000,Bank Of America,,
31/03/2016,"11,100",11100000000,Bank Of America,,
31/12/2015,"11,236",11236000000,Bank Of America,,
30/09/2015,"11,197",11197000000,Bank Of America,,
30/06/2015,"11,238",11238000000,Bank Of America,,
31/03/2015,"11,267",11267000000,Bank Of America,,
31/12/2014,"10,585",10585000000,Bank Of America,,
30/09/2014,"10,516",10516000000,Bank Of America,,
30/06/2014,"11,265",11265000000,Bank Of America,,
31/03/2014,"10,561",10561000000,Bank Of America,,
31/12/2013,"11,491",11491000000,Bank Of America,,
30/09/2013,"11,482",11482000000,Bank Of America,,
30/06/2013,"11,525",11525000000,Bank Of America,,
31/03/2013,"11,155",11155000000,Bank Of America,,
31/12/2012,"10,841",10841000000,Bank Of America,,
30/09/2012,"10,776",10776000000,Bank Of America,,
30/06/2012,"11,556",11556000000,Bank Of America,,
31/03/2012,"10,762",10762000000,Bank Of America,,
31/12/2011,"10,255",10255000000,Bank Of America,,
30/09/2011,"10,464",10464000000,Bank Of America,,
30/06/2011,"10,095",10095000000,Bank Of America,,
31/03/2011,"10,181",10181000000,Bank Of America,,
31/12/2010,"9,790",9790000000,Bank Of America,,
30/09/2010,"9,976",9976000000,Bank Of America,,
30/06/2010,"10,030",10030000000,Bank Of America,,
31/03/2010,"10,005",10005000000,Bank Of America,,
31/12/2009,"7,729",7729000000,Bank Of America,,
30/09/2009,"8,634",8634000000,Bank Of America,,
30/06/2009,"7,270",7270000000,Bank Of America,,
31/03/2009,"6,393",6393000000,Bank Of America,,
31/12/2008,"4,596",4596000000,Bank Of America,,
30/09/2008,"4,548",4548000000,Bank Of America,,
30/06/2008,"4,444",4444000000,Bank Of America,,
31/03/2008,"4,461",4461000000,Bank Of America,,
31/12/2007,"4,463",4463000000,Bank Of America,,
30/09/2007,"4,476",4476000000,Bank Of America,,
30/06/2007,"4,477",4477000000,Bank Of America,,
31/03/2007,"4,497",4497000000,Bank Of America,,
31/12/2006,"4,596",4596000000,Bank Of America,,
30/09/2006,"4,571",4571000000,Bank Of America,,
30/06/2006,"4,601",4601000000,Bank Of America,,
31/03/2006,"4,666",4666000000,Bank Of America,,
31/12/2005,"4,068",4068000000,Bank Of America,,
30/09/2005,"4,055",4055000000,Bank Of America,,
30/06/2005,"4,065",4065000000,Bank Of America,,
31/03/2005,"4,099",4099000000,Bank Of America,,
31/03/2020,"3,101",3101000000,JP Morgan,111.23," 344,924,230,000.00 "
31/12/2019,"3,230",3230000000,JP Morgan,,
30/09/2019,"3,207",3207000000,JP Morgan,,
30/06/2019,"3,260",3260000000,JP Morgan,,
31/03/2019,"3,308",3308000000,JP Morgan,,
31/12/2018,"3,414",3414000000,JP Morgan,,
30/09/2018,"3,394",3394000000,JP Morgan,,
30/06/2018,"3,435",3435000000,JP Morgan,,
31/03/2018,"3,480",3480000000,JP Morgan,,
31/12/2017,"3,577",3577000000,JP Morgan,,
30/09/2017,"3,560",3560000000,JP Morgan,,
30/06/2017,"3,599",3599000000,JP Morgan,,
31/03/2017,"3,630",3630000000,JP Morgan,,
31/12/2016,"3,690",3690000000,JP Morgan,,
30/09/2016,"3,670",3670000000,JP Morgan,,
30/06/2016,"3,706",3706000000,JP Morgan,,
31/03/2016,"3,738",3738000000,JP Morgan,,
31/12/2015,"3,774",3774000000,JP Morgan,,
30/09/2015,"3,726",3726000000,JP Morgan,,
30/06/2015,"3,744",3744000000,JP Morgan,,
31/03/2015,"3,758",3758000000,JP Morgan,,
31/12/2014,"3,798",3798000000,JP Morgan,,
30/09/2014,"3,789",3789000000,JP Morgan,,
30/06/2014,"3,813",3813000000,JP Morgan,,
31/03/2014,"3,824",3824000000,JP Morgan,,
31/12/2013,"3,815",3815000000,JP Morgan,,
30/09/2013,"3,767",3767000000,JP Morgan,,
30/06/2013,"3,814",3814000000,JP Morgan,,
31/03/2013,"3,847",3847000000,JP Morgan,,
31/12/2012,"3,822",3822000000,JP Morgan,,
30/09/2012,"3,814",3814000000,JP Morgan,,
30/06/2012,"3,821",3821000000,JP Morgan,,
31/03/2012,"3,833",3833000000,JP Morgan,,
31/12/2011,"3,920",3920000000,JP Morgan,,
30/09/2011,"3,872",3872000000,JP Morgan,,
30/06/2011,"3,983",3983000000,JP Morgan,,
31/03/2011,"4,014",4014000000,JP Morgan,,
31/12/2010,"3,977",3977000000,JP Morgan,,
30/09/2010,"3,972",3972000000,JP Morgan,,
30/06/2010,"4,006",4006000000,JP Morgan,,
31/03/2010,"3,995",3995000000,JP Morgan,,
31/12/2009,"3,880",3880000000,JP Morgan,,
30/09/2009,"3,962",3962000000,JP Morgan,,
30/06/2009,"3,824",3824000000,JP Morgan,,
31/03/2009,"3,759",3759000000,JP Morgan,,
31/12/2008,"3,522",3522000000,JP Morgan,,
30/09/2008,"3,445",3445000000,JP Morgan,,
30/06/2008,"3,453",3453000000,JP Morgan,,
31/03/2008,"3,423",3423000000,JP Morgan,,
31/12/2007,"3,445",3445000000,JP Morgan,,
30/09/2007,"3,478",3478000000,JP Morgan,,
30/06/2007,"3,522",3522000000,JP Morgan,,
31/03/2007,"3,560",3560000000,JP Morgan,,
31/12/2006,"3,574",3574000000,JP Morgan,,
30/09/2006,"3,574",3574000000,JP Morgan,,
30/06/2006,"3,572",3572000000,JP Morgan,,
31/03/2006,"3,571",3571000000,JP Morgan,,
31/12/2005,"3,557",3557000000,JP Morgan,,
30/09/2005,"3,548",3548000000,JP Morgan,,
30/06/2005,"3,548",3548000000,JP Morgan,,
31/03/2005,"3,570",3570000000,JP Morgan,,
31/03/2020,"4,135",4135000000,Wells Fargo,31.67," 130,955,450,000.00 "
31/12/2019,"4,425",4425000000,Wells Fargo,,
30/09/2019,"4,390",4390000000,Wells Fargo,,
30/06/2019,"4,495",4495000000,Wells Fargo,,
31/03/2019,"4,584",4584000000,Wells Fargo,,
31/12/2018,"4,838",4838000000,Wells Fargo,,
30/09/2018,"4,823",4823000000,Wells Fargo,,
30/06/2018,"4,900",4900000000,Wells Fargo,,
31/03/2018,"4,931",4931000000,Wells Fargo,,
31/12/2017,"5,017",5017000000,Wells Fargo,,
30/09/2017,"4,997",4997000000,Wells Fargo,,
30/06/2017,"5,038",5038000000,Wells Fargo,,
31/03/2017,"5,070",5070000000,Wells Fargo,,
31/12/2016,"5,108",5108000000,Wells Fargo,,
30/09/2016,"5,095",5095000000,Wells Fargo,,
30/06/2016,"5,118",5118000000,Wells Fargo,,
31/03/2016,"5,139",5139000000,Wells Fargo,,
31/12/2015,"5,210",5210000000,Wells Fargo,,
30/09/2015,"5,194",5194000000,Wells Fargo,,
30/06/2015,"5,221",5221000000,Wells Fargo,,
31/03/2015,"5,244",5244000000,Wells Fargo,,
31/12/2014,"5,324",5324000000,Wells Fargo,,
30/09/2014,"5,310",5310000000,Wells Fargo,,
30/06/2014,"5,351",5351000000,Wells Fargo,,
31/03/2014,"5,353",5353000000,Wells Fargo,,
31/12/2013,"5,371",5371000000,Wells Fargo,,
30/09/2013,"5,382",5382000000,Wells Fargo,,
30/06/2013,"5,385",5385000000,Wells Fargo,,
31/03/2013,"5,354",5354000000,Wells Fargo,,
31/12/2012,"5,352",5352000000,Wells Fargo,,
30/09/2012,"5,356",5356000000,Wells Fargo,,
30/06/2012,"5,370",5370000000,Wells Fargo,,
31/03/2012,"5,338",5338000000,Wells Fargo,,
31/12/2011,"5,323",5323000000,Wells Fargo,,
30/09/2011,"5,319",5319000000,Wells Fargo,,
30/06/2011,"5,332",5332000000,Wells Fargo,,
31/03/2011,"5,333",5333000000,Wells Fargo,,
31/12/2010,"5,263",5263000000,Wells Fargo,,
30/09/2010,"5,273",5273000000,Wells Fargo,,
30/06/2010,"5,261",5261000000,Wells Fargo,,
31/03/2010,"5,225",5225000000,Wells Fargo,,
31/12/2009,"4,563",4563000000,Wells Fargo,,
30/09/2009,"4,706",4706000000,Wells Fargo,,
30/06/2009,"4,502",4502000000,Wells Fargo,,
31/03/2009,"4,249",4249000000,Wells Fargo,,
31/12/2008,"3,391",3391000000,Wells Fargo,,
30/09/2008,"3,331",3331000000,Wells Fargo,,
30/06/2008,"3,321",3321000000,Wells Fargo,,
31/03/2008,"3,318",3318000000,Wells Fargo,,
31/12/2007,"3,383",3383000000,Wells Fargo,,
30/09/2007,"3,374",3374000000,Wells Fargo,,
30/06/2007,"3,389",3389000000,Wells Fargo,,
31/03/2007,"3,416",3416000000,Wells Fargo,,
31/12/2006,"3,410",3410000000,Wells Fargo,,
30/09/2006,"3,416",3416000000,Wells Fargo,,
30/06/2006,"3,404",3404000000,Wells Fargo,,
31/03/2006,"3,396",3396000000,Wells Fargo,,
31/12/2005,"3,411",3411000000,Wells Fargo,,
30/09/2005,"3,411",3411000000,Wells Fargo,,
30/06/2005,"3,414",3414000000,Wells Fargo,,
31/03/2005,"3,431",3431000000,Wells Fargo,,
31/03/2020,"2,114",2114000000,Citigroup,58.86," 124,430,040,000.00 "
31/12/2019,"2,265",2265000000,Citigroup,,
30/09/2019,"2,237",2237000000,Citigroup,,
30/06/2019,"2,289",2289000000,Citigroup,,
31/03/2019,"2,342",2342000000,Citigroup,,
31/12/2018,"2,495",2495000000,Citigroup,,
30/09/2018,"2,481",2481000000,Citigroup,,
30/06/2018,"2,532",2532000000,Citigroup,,
31/03/2018,"2,563",2563000000,Citigroup,,
31/12/2017,"2,699",2699000000,Citigroup,,
30/09/2017,"2,684",2684000000,Citigroup,,
30/06/2017,"2,739",2739000000,Citigroup,,
31/03/2017,"2,766",2766000000,Citigroup,,
31/12/2016,"2,888",2888000000,Citigroup,,
30/09/2016,"2,880",2880000000,Citigroup,,
30/06/2016,"2,916",2916000000,Citigroup,,
31/03/2016,"2,943",2943000000,Citigroup,,
31/12/2015,"3,008",3008000000,Citigroup,,
30/09/2015,"2,997",2997000000,Citigroup,,
30/06/2015,"3,025",3025000000,Citigroup,,
31/03/2015,"3,039",3039000000,Citigroup,,
31/12/2014,"3,037",3037000000,Citigroup,,
30/09/2014,"3,035",3035000000,Citigroup,,
30/06/2014,"3,038",3038000000,Citigroup,,
31/03/2014,"3,043",3043000000,Citigroup,,
31/12/2013,"3,042",3042000000,Citigroup,,
30/09/2013,"3,041",3041000000,Citigroup,,
30/06/2013,"3,046",3046000000,Citigroup,,
31/03/2013,"3,045",3045000000,Citigroup,,
31/12/2012,"3,016",3016000000,Citigroup,,
30/09/2012,"3,015",3015000000,Citigroup,,
30/06/2012,"3,015",3015000000,Citigroup,,
31/03/2012,"3,015",3015000000,Citigroup,,
31/12/2011,"2,999",2999000000,Citigroup,,
30/09/2011,"2,999",2999000000,Citigroup,,
30/06/2011,"2,997",2997000000,Citigroup,,
31/03/2011,"2,997",2997000000,Citigroup,,
31/12/2010,"2,968",2968000000,Citigroup,,
30/09/2010,"2,978",2978000000,Citigroup,,
30/06/2010,"2,975",2975000000,Citigroup,,
31/03/2010,"2,933",2933000000,Citigroup,,
31/12/2009,"1,210",1210000000,Citigroup,,
30/09/2009,"1,222",1222000000,Citigroup,,
30/06/2009,597,597000000,Citigroup,,
31/03/2009,595,595000000,Citigroup,,
31/12/2008,577,577000000,Citigroup,,
30/09/2008,583,583000000,Citigroup,,
30/06/2008,578,578000000,Citigroup,,
31/03/2008,558,558000000,Citigroup,,
31/12/2007,492,492000000,Citigroup,,
30/09/2007,501,501000000,Citigroup,,
30/06/2007,499,499000000,Citigroup,,
31/03/2007,497,497000000,Citigroup,,
31/12/2006,499,499000000,Citigroup,,
30/09/2006,498,498000000,Citigroup,,
30/06/2006,499,499000000,Citigroup,,
31/03/2006,501,501000000,Citigroup,,
31/12/2005,516,516000000,Citigroup,,
30/09/2005,515,515000000,Citigroup,,
30/06/2005,521,521000000,Citigroup,,
31/03/2005,523,523000000,Citigroup,,
31/03/2020,361,361000000,Goldman Sachs,217.92," 78,669,120,000.00 "
31/12/2019,376,376000000,Goldman Sachs,,
30/09/2019,374,374000000,Goldman Sachs,,
30/06/2019,378,378000000,Goldman Sachs,,
31/03/2019,382,382000000,Goldman Sachs,,
31/12/2018,390,390000000,Goldman Sachs,,
30/09/2018,391,391000000,Goldman Sachs,,
30/06/2018,393,393000000,Goldman Sachs,,
31/03/2018,394,394000000,Goldman Sachs,,
31/12/2017,409,409000000,Goldman Sachs,,
30/09/2017,406,406000000,Goldman Sachs,,
30/06/2017,413,413000000,Goldman Sachs,,
31/03/2017,420,420000000,Goldman Sachs,,
31/12/2016,435,435000000,Goldman Sachs,,
30/09/2016,430,430000000,Goldman Sachs,,
30/06/2016,439,439000000,Goldman Sachs,,
31/03/2016,447,447000000,Goldman Sachs,,
31/12/2015,459,459000000,Goldman Sachs,,
30/09/2015,459,459000000,Goldman Sachs,,
30/06/2015,462,462000000,Goldman Sachs,,
31/03/2015,463,463000000,Goldman Sachs,,
31/12/2014,473,473000000,Goldman Sachs,,
30/09/2014,469,469000000,Goldman Sachs,,
30/06/2014,476,476000000,Goldman Sachs,,
31/03/2014,485,485000000,Goldman Sachs,,
31/12/2013,500,500000000,Goldman Sachs,,
30/09/2013,496,496000000,Goldman Sachs,,
30/06/2013,504,504000000,Goldman Sachs,,
31/03/2013,510,510000000,Goldman Sachs,,
31/12/2012,516,516000000,Goldman Sachs,,
30/09/2012,511,511000000,Goldman Sachs,,
30/06/2012,520,520000000,Goldman Sachs,,
31/03/2012,529,529000000,Goldman Sachs,,
31/12/2011,557,557000000,Goldman Sachs,,
30/09/2011,518,518000000,Goldman Sachs,,
30/06/2011,570,570000000,Goldman Sachs,,
31/03/2011,583,583000000,Goldman Sachs,,
31/12/2010,585,585000000,Goldman Sachs,,
30/09/2010,583,583000000,Goldman Sachs,,
30/06/2010,580,580000000,Goldman Sachs,,
31/03/2010,590,590000000,Goldman Sachs,,
31/12/2009,551,551000000,Goldman Sachs,,
30/09/2009,577,577000000,Goldman Sachs,,
30/06/2009,551,551000000,Goldman Sachs,,
31/03/2009,489,489000000,Goldman Sachs,,
31/12/2008,,0,Goldman Sachs,,
30/11/2008,,0,Goldman Sachs,,
31/08/2008,448,448000000,Goldman Sachs,,
31/05/2008,447,447000000,Goldman Sachs,,
29/02/2008,454,454000000,Goldman Sachs,,
30/11/2007,461,461000000,Goldman Sachs,,
31/08/2007,457,457000000,Goldman Sachs,,
31/05/2007,464,464000000,Goldman Sachs,,
28/02/2007,472,472000000,Goldman Sachs,,
30/11/2006,477,477000000,Goldman Sachs,,
31/08/2006,477,477000000,Goldman Sachs,,
31/05/2006,478,478000000,Goldman Sachs,,
28/02/2006,483,483000000,Goldman Sachs,,
30/11/2005,500,500000000,Goldman Sachs,,
31/08/2005,494,494000000,Goldman Sachs,,
31/05/2005,506,506000000,Goldman Sachs,,
28/02/2005,515,515000000,Goldman Sachs,,
31/03/2020,"4,405",4405000000,Apple,331.5," 1,460,257,500,000.00 "
31/12/2019,"4,455",4455000000,Apple,,
30/09/2019,"4,649",4649000000,Apple,,
30/06/2019,"4,601",4601000000,Apple,,
31/03/2019,"4,701",4701000000,Apple,,
31/12/2018,"4,773",4773000000,Apple,,
30/09/2018,"5,000",5000000000,Apple,,
30/06/2018,"4,927",4927000000,Apple,,
31/03/2018,"5,068",5068000000,Apple,,
31/12/2017,"5,158",5158000000,Apple,,
30/09/2017,"5,252",5252000000,Apple,,
30/06/2017,"5,233",5233000000,Apple,,
31/03/2017,"5,262",5262000000,Apple,,
31/12/2016,"5,328",5328000000,Apple,,
30/09/2016,"5,500",5500000000,Apple,,
30/06/2016,"5,473",5473000000,Apple,,
31/03/2016,"5,541",5541000000,Apple,,
31/12/2015,"5,594",5594000000,Apple,,
30/09/2015,"5,793",5793000000,Apple,,
30/06/2015,"5,773",5773000000,Apple,,
31/03/2015,"5,835",5835000000,Apple,,
31/12/2014,"5,882",5882000000,Apple,,
30/09/2014,"6,123",6123000000,Apple,,
30/06/2014,"6,052",6052000000,Apple,,
31/03/2014,"6,157",6157000000,Apple,,
31/12/2013,"6,310",6310000000,Apple,,
30/09/2013,"6,522",6522000000,Apple,,
30/06/2013,"6,470",6470000000,Apple,,
31/03/2013,"6,622",6622000000,Apple,,
31/12/2012,"6,631",6631000000,Apple,,
30/09/2012,"6,617",6617000000,Apple,,
30/06/2012,"6,629",6629000000,Apple,,
31/03/2012,"6,614",6614000000,Apple,,
31/12/2011,"6,591",6591000000,Apple,,
30/09/2011,"6,557",6557000000,Apple,,
30/06/2011,"6,565",6565000000,Apple,,
31/03/2011,"6,552",6552000000,Apple,,
31/12/2010,"6,532",6532000000,Apple,,
30/09/2010,"6,473",6473000000,Apple,,
30/06/2010,"6,492",6492000000,Apple,,
31/03/2010,"6,460",6460000000,Apple,,
31/12/2009,"6,438",6438000000,Apple,,
30/09/2009,"6,349",6349000000,Apple,,
30/06/2009,"6,364",6364000000,Apple,,
31/03/2009,"6,321",6321000000,Apple,,
31/12/2008,"6,310",6310000000,Apple,,
30/09/2008,"6,315",6315000000,Apple,,
30/06/2008,"6,322",6322000000,Apple,,
31/03/2008,"6,295",6295000000,Apple,,
31/12/2007,"6,300",6300000000,Apple,,
30/09/2007,"6,225",6225000000,Apple,,
30/06/2007,"6,235",6235000000,Apple,,
31/03/2007,"6,207",6207000000,Apple,,
31/12/2006,"6,183",6183000000,Apple,,
30/09/2006,"6,143",6143000000,Apple,,
30/06/2006,"6,135",6135000000,Apple,,
31/03/2006,"6,150",6150000000,Apple,,
31/12/2005,"6,119",6119000000,Apple,,
30/09/2005,"5,998",5998000000,Apple,,
30/06/2005,"6,026",6026000000,Apple,,
31/03/2005,"5,999",5999000000,Apple,,
31/03/2020,199,199000000,Tesla,885.66," 176,246,340,000.00 "
31/12/2019,177,177000000,Tesla,,
30/09/2019,184,184000000,Tesla,,
30/06/2019,177,177000000,Tesla,,
31/03/2019,173,173000000,Tesla,,
31/12/2018,171,171000000,Tesla,,
30/09/2018,178,178000000,Tesla,,
30/06/2018,170,170000000,Tesla,,
31/03/2018,169,169000000,Tesla,,
31/12/2017,166,166000000,Tesla,,
30/09/2017,167,167000000,Tesla,,
30/06/2017,165,165000000,Tesla,,
31/03/2017,162,162000000,Tesla,,
31/12/2016,144,144000000,Tesla,,
30/09/2016,157,157000000,Tesla,,
30/06/2016,140,140000000,Tesla,,
31/03/2016,133,133000000,Tesla,,
31/12/2015,128,128000000,Tesla,,
30/09/2015,129,129000000,Tesla,,
30/06/2015,127,127000000,Tesla,,
31/03/2015,126,126000000,Tesla,,
31/12/2014,125,125000000,Tesla,,
30/09/2014,125,125000000,Tesla,,
30/06/2014,124,124000000,Tesla,,
31/03/2014,123,123000000,Tesla,,
31/12/2013,119,119000000,Tesla,,
30/09/2013,122,122000000,Tesla,,
30/06/2013,118,118000000,Tesla,,
31/03/2013,124,124000000,Tesla,,
31/12/2012,107,107000000,Tesla,,
30/09/2012,106,106000000,Tesla,,
30/06/2012,105,105000000,Tesla,,
31/03/2012,105,105000000,Tesla,,
31/12/2011,100,100000000,Tesla,,
30/09/2011,104,104000000,Tesla,,
30/06/2011,98,98000000,Tesla,,
31/03/2011,95,95000000,Tesla,,
31/12/2010,51,51000000,Tesla,,
30/09/2010,92,92000000,Tesla,,
30/06/2010,8,8000000,Tesla,,
31/03/2010,7,7000000,Tesla,,
31/12/2009,,0,Tesla,,
30/09/2009,7,7000000,Tesla,,
30/06/2009,7,7000000,Tesla,,
31/12/2008,,0,Tesla,,
31/03/2020,"7,675",7675000000,Microsoft,187.2," 1,436,760,000,000.00 "
31/12/2019,"7,691",7691000000,Microsoft,,
30/09/2019,"7,710",7710000000,Microsoft,,
30/06/2019,"7,753",7753000000,Microsoft,,
31/03/2019,"7,744",7744000000,Microsoft,,
31/12/2018,"7,768",7768000000,Microsoft,,
30/09/2018,"7,766",7766000000,Microsoft,,
30/06/2018,"7,794",7794000000,Microsoft,,
31/03/2018,"7,794",7794000000,Microsoft,,
31/12/2017,"7,710",7710000000,Microsoft,,
30/09/2017,"7,799",7799000000,Microsoft,,
30/06/2017,"7,832",7832000000,Microsoft,,
31/03/2017,"7,813",7813000000,Microsoft,,
31/12/2016,"7,830",7830000000,Microsoft,,
30/09/2016,"7,876",7876000000,Microsoft,,
30/06/2016,"8,013",8013000000,Microsoft,,
31/03/2016,"7,985",7985000000,Microsoft,,
31/12/2015,"8,051",8051000000,Microsoft,,
30/09/2015,"8,084",8084000000,Microsoft,,
30/06/2015,"8,254",8254000000,Microsoft,,
31/03/2015,"8,237",8237000000,Microsoft,,
31/12/2014,"8,297",8297000000,Microsoft,,
30/09/2014,"8,351",8351000000,Microsoft,,
30/06/2014,"8,399",8399000000,Microsoft,,
31/03/2014,"8,367",8367000000,Microsoft,,
31/12/2013,"8,395",8395000000,Microsoft,,
30/09/2013,"8,434",8434000000,Microsoft,,
30/06/2013,"8,470",8470000000,Microsoft,,
31/03/2013,"8,429",8429000000,Microsoft,,
31/12/2012,"8,444",8444000000,Microsoft,,
30/09/2012,"8,494",8494000000,Microsoft,,
30/06/2012,"8,506",8506000000,Microsoft,,
31/03/2012,"8,498",8498000000,Microsoft,,
31/12/2011,"8,465",8465000000,Microsoft,,
30/09/2011,"8,490",8490000000,Microsoft,,
30/06/2011,"8,593",8593000000,Microsoft,,
31/03/2011,"8,510",8510000000,Microsoft,,
31/12/2010,"8,570",8570000000,Microsoft,,
30/09/2010,"8,695",8695000000,Microsoft,,
30/06/2010,"8,927",8927000000,Microsoft,,
31/03/2010,"8,876",8876000000,Microsoft,,
31/12/2009,"8,951",8951000000,Microsoft,,
30/09/2009,"8,983",8983000000,Microsoft,,
30/06/2009,"8,996",8996000000,Microsoft,,
31/03/2009,"8,904",8904000000,Microsoft,,
31/12/2008,"8,914",8914000000,Microsoft,,
30/09/2008,"9,183",9183000000,Microsoft,,
30/06/2008,"9,470",9470000000,Microsoft,,
31/03/2008,"9,428",9428000000,Microsoft,,
31/12/2007,"9,503",9503000000,Microsoft,,
30/09/2007,"9,513",9513000000,Microsoft,,
30/06/2007,"9,886",9886000000,Microsoft,,
31/03/2007,"9,862",9862000000,Microsoft,,
31/12/2006,"9,942",9942000000,Microsoft,,
30/09/2006,"10,010",10010000000,Microsoft,,
30/06/2006,"10,531",10531000000,Microsoft,,
31/03/2006,"10,415",10415000000,Microsoft,,
31/12/2005,"10,638",10638000000,Microsoft,,
30/09/2005,"10,772",10772000000,Microsoft,,
30/06/2005,"10,906",10906000000,Microsoft,,
31/03/2005,"10,931",10931000000,Microsoft,,
31/03/2020,"2,868",2868000000,Facebook,230.77," 661,848,360,000.00 "
31/12/2019,"2,876",2876000000,Facebook,,
30/09/2019,"2,874",2874000000,Facebook,,
30/06/2019,"2,875",2875000000,Facebook,,
31/03/2019,"2,869",2869000000,Facebook,,
31/12/2018,"2,921",2921000000,Facebook,,
30/09/2018,"2,913",2913000000,Facebook,,
30/06/2018,"2,930",2930000000,Facebook,,
31/03/2018,"2,945",2945000000,Facebook,,
31/12/2017,"2,956",2956000000,Facebook,,
30/09/2017,"2,956",2956000000,Facebook,,
30/06/2017,"2,951",2951000000,Facebook,,
31/03/2017,"2,944",2944000000,Facebook,,
31/12/2016,"2,925",2925000000,Facebook,,
30/09/2016,"2,931",2931000000,Facebook,,
30/06/2016,"2,921",2921000000,Facebook,,
31/03/2016,"2,905",2905000000,Facebook,,
31/12/2015,"2,853",2853000000,Facebook,,
30/09/2015,"2,863",2863000000,Facebook,,
30/06/2015,"2,850",2850000000,Facebook,,
31/03/2015,"2,836",2836000000,Facebook,,
31/12/2014,"2,664",2664000000,Facebook,,
30/09/2014,"2,644",2644000000,Facebook,,
30/06/2014,"2,615",2615000000,Facebook,,
31/03/2014,"2,609",2609000000,Facebook,,
31/12/2013,"2,517",2517000000,Facebook,,
30/09/2013,"2,528",2528000000,Facebook,,
30/06/2013,"2,502",2502000000,Facebook,,
31/03/2013,"2,499",2499000000,Facebook,,
31/12/2012,"2,506",2506000000,Facebook,,
30/09/2012,"2,420",2420000000,Facebook,,
30/06/2012,"1,879",1879000000,Facebook,,
31/03/2012,"1,527",1527000000,Facebook,,
31/12/2011,"1,519",1519000000,Facebook,,
30/09/2011,"1,520",1520000000,Facebook,,
30/06/2011,"1,510",1510000000,Facebook,,
31/03/2011,"2,878",2878000000,Facebook,,
31/12/2010,,0,Facebook,,
30/09/2010,,0,Facebook,,
30/06/2010,,0,Facebook,,
31/03/2010,,0,Facebook,,
31/12/2009,,0,Facebook,,
31/12/2008,,0,Facebook,,
31/03/2020,506,506000000,Amazon,2483," 1,256,398,000,000.00 "
31/12/2019,504,504000000,Amazon,,
30/09/2019,504,504000000,Amazon,,
30/06/2019,503,503000000,Amazon,,
31/03/2019,502,502000000,Amazon,,
31/12/2018,500,500000000,Amazon,,
30/09/2018,501,501000000,Amazon,,
30/06/2018,500,500000000,Amazon,,
31/03/2018,498,498000000,Amazon,,
31/12/2017,493,493000000,Amazon,,
30/09/2017,494,494000000,Amazon,,
30/06/2017,492,492000000,Amazon,,
31/03/2017,490,490000000,Amazon,,
31/12/2016,484,484000000,Amazon,,
30/09/2016,485,485000000,Amazon,,
30/06/2016,483,483000000,Amazon,,
31/03/2016,481,481000000,Amazon,,
31/12/2015,477,477000000,Amazon,,
30/09/2015,478,478000000,Amazon,,
30/06/2015,476,476000000,Amazon,,
31/03/2015,465,465000000,Amazon,,
31/12/2014,462,462000000,Amazon,,
30/09/2014,463,463000000,Amazon,,
30/06/2014,461,461000000,Amazon,,
31/03/2014,468,468000000,Amazon,,
31/12/2013,465,465000000,Amazon,,
30/09/2013,457,457000000,Amazon,,
30/06/2013,456,456000000,Amazon,,
31/03/2013,463,463000000,Amazon,,
31/12/2012,453,453000000,Amazon,,
30/09/2012,452,452000000,Amazon,,
30/06/2012,458,458000000,Amazon,,
31/03/2012,460,460000000,Amazon,,
31/12/2011,461,461000000,Amazon,,
30/09/2011,461,461000000,Amazon,,
30/06/2011,460,460000000,Amazon,,
31/03/2011,459,459000000,Amazon,,
31/12/2010,456,456000000,Amazon,,
30/09/2010,456,456000000,Amazon,,
30/06/2010,455,455000000,Amazon,,
31/03/2010,454,454000000,Amazon,,
31/12/2009,442,442000000,Amazon,,
30/09/2009,441,441000000,Amazon,,
30/06/2009,440,440000000,Amazon,,
31/03/2009,437,437000000,Amazon,,
31/12/2008,432,432000000,Amazon,,
30/09/2008,436,436000000,Amazon,,
30/06/2008,430,430000000,Amazon,,
31/03/2008,426,426000000,Amazon,,
31/12/2007,424,424000000,Amazon,,
30/09/2007,425,425000000,Amazon,,
30/06/2007,423,423000000,Amazon,,
31/03/2007,420,420000000,Amazon,,
31/12/2006,424,424000000,Amazon,,
30/09/2006,424,424000000,Amazon,,
30/06/2006,426,426000000,Amazon,,
31/03/2006,426,426000000,Amazon,,
31/12/2005,426,426000000,Amazon,,
30/09/2005,428,428000000,Amazon,,
30/06/2005,425,425000000,Amazon,,
31/03/2005,424,424000000,Amazon,,
31/03/2020,739,739000000,Google,1438.39," 1,062,970,210,000.00 "
31/12/2019,745,745000000,Google,,
30/09/2019,745,745000000,Google,,
30/06/2019,746,746000000,Google,,
31/03/2019,747,747000000,Google,,
31/12/2018,750,750000000,Google,,
30/09/2018,751,751000000,Google,,
30/06/2018,750,750000000,Google,,
31/03/2018,752,752000000,Google,,
31/12/2017,751,751000000,Google,,
30/09/2017,751,751000000,Google,,
30/06/2017,751,751000000,Google,,
31/03/2017,749,749000000,Google,,
31/12/2016,748,748000000,Google,,
30/09/2016,747,747000000,Google,,
30/06/2016,746,746000000,Google,,
31/03/2016,749,749000000,Google,,
31/12/2015,745,745000000,Google,,
30/09/2015,746,746000000,Google,,
30/06/2015,743,743000000,Google,,
31/03/2015,742,742000000,Google,,
31/12/2014,742,742000000,Google,,
30/09/2014,743,743000000,Google,,
30/06/2014,742,742000000,Google,,
31/03/2014,685,685000000,Google,,
31/12/2013,737,737000000,Google,,
30/09/2013,678,678000000,Google,,
30/06/2013,677,677000000,Google,,
31/03/2013,673,673000000,Google,,
31/12/2012,665,665000000,Google,,
30/09/2012,667,667000000,Google,,
30/06/2012,662,662000000,Google,,
31/03/2012,660,660000000,Google,,
31/12/2011,654,654000000,Google,,
30/09/2011,655,655000000,Google,,
30/06/2011,652,652000000,Google,,
31/03/2011,653,653000000,Google,,
31/12/2010,647,647000000,Google,,
30/09/2010,645,645000000,Google,,
30/06/2010,645,645000000,Google,,
31/03/2010,645,645000000,Google,,
31/12/2009,639,639000000,Google,,
30/09/2009,639,639000000,Google,,
30/06/2009,637,637000000,Google,,
31/03/2009,634,634000000,Google,,
31/12/2008,635,635000000,Google,,
30/09/2008,636,636000000,Google,,
30/06/2008,636,636000000,Google,,
31/03/2008,635,635000000,Google,,
31/12/2007,632,632000000,Google,,
30/09/2007,633,633000000,Google,,
30/06/2007,631,631000000,Google,,
31/03/2007,630,630000000,Google,,
31/12/2006,619,619000000,Google,,
30/09/2006,621,621000000,Google,,
30/06/2006,620,620000000,Google,,
31/03/2006,608,608000000,Google,,
31/12/2005,584,584000000,Google,,
30/09/2005,579,579000000,Google,,
30/06/2005,574,574000000,Google,,
31/03/2005,573,573000000,Google,,
